product_id,category,price,rating,seller_id
37d69c64-fec5-4b8c-a7c4-f1e7e466075a,Beauty,1189,4.2,84173aae-09f4-469a-aa32-cb1163715e92
474298de-eef3-4274-a858-ff3c81bb44e2,Beauty,636,3.4,72dad14b-1c8a-4efb-95ea-f6d48b202c7a
dad5a58d-b4a5-4f1b-8c25-fb02905fd61c,Kitchen,895,2.9,8513425c-2956-4570-8eb4-41c89356f96a
f7e8216c-866b-49eb-bbb9-994cae765941,Electronics,893,3.8,2955e741-1823-43c8-8ba1-b86fc1b866a4
d2ea85cc-ec9a-43e0-a1de-92a6e362263c,Beauty,1998,2.1,923a2dd2-78da-4b3d-9815-862956d6efc8
56394485-5b7f-436c-9524-9b2eea71d12d,Electronics,1244,4.3,85543da7-fb9e-4db2-bafc-f36682f55705
9ce5edd4-4e5e-4782-8eed-5b9fe72f2fc6,Apparel,157,2.8,eb0b589f-efff-4099-b7ec-d86d0d77ea9e
db1b7a87-8f27-4c83-ad93-dc8fba53a9b8,Beauty,1498,3.8,87174aa2-eea8-4f25-9d3d-f5caacb6f3b6
80e3ddbc-8ee7-41c6-bed2-bbe58985e0d7,Home,922,4.2,b84298df-8f63-432e-8936-64e4a3730d5b
aabddfd1-a908-4e4e-823b-c6653dd860d7,Apparel,1667,3.0,266e1864-040f-4fe1-a06c-ced7e49a725e
3e055c09-d66d-4098-a15a-fd910f75a372,Home,1629,4.9,31de31e9-67c1-463b-a7cf-d11fb69f3f9e
f30b8b8a-948c-4158-b26f-5dbb7051b9d6,Electronics,332,4.0,ebce3dd7-8a5d-48fd-8472-71a5041d5755
725e99bc-2d72-42c9-a162-30a906e18d0f,Beauty,218,3.1,315bac7a-ae08-4cc6-b6e9-f09e6953f364
da38b75f-1006-4f9f-bd05-8d6e3a993cdc,Home,673,2.2,a4182842-0308-49f5-bab9-7165f2a5f139
d3b52af5-bde2-4ecc-9032-996bbd6288ec,Kitchen,202,3.1,ff3541d4-e38d-4f65-bb03-9814136de9f0
3e90b50a-897a-472d-b766-874fb7dd0d73,Home,1285,2.3,3e2fc5e3-18d2-49ea-b26e-012801752417
25f32d09-8864-485d-87f6-27f0774132bf,Beauty,448,2.4,083f538d-9f75-416e-a63c-709db89782a4
ac32e9b6-28ef-406f-8abf-0037efd436df,Kitchen,1082,2.4,248d0692-9b1d-4dca-b030-9025428e4a0d
e344a89b-65e2-4e59-92c1-312fef28587f,Apparel,279,3.6,81219d48-435b-4d92-97e8-b7f28d94969b
4ba81420-0b5d-4a36-ab52-5979496ba273,Electronics,1682,5.0,25a9804e-9b17-4ff8-9b72-09b7256b91d6
59a77c3c-f0c5-4a5b-acd7-dd1c42298851,Apparel,1836,4.5,eb4abb77-533e-47c1-88b7-442b0cdae669
979ce782-8599-4a25-b732-532dd2562461,Beauty,1176,3.8,cfa1253a-5c9c-4b88-9ff5-80188bcb915d
08b4d337-3ee0-4ff9-a1c1-3928e3af4f9c,Electronics,1443,2.8,c1b13cda-309e-4f42-8757-baeb7d457cbe
4228d2ea-e94b-491b-92c2-fceed6aeb9fd,Beauty,1931,2.9,f0e052ac-3d25-4ad3-8c47-8e659f5be1c7
43df6400-68ef-4a83-97e5-eab90507cd47,Beauty,1378,3.8,ceef6473-13cd-447a-bfe2-001feefbf3c3
c5183fd3-41b3-46ac-be06-d2a356296fbb,Home,1878,2.4,85c68c5d-2166-43a2-b40b-f61b803b5040
4670e629-5893-4bf2-bc5b-c3de7777b4c8,Apparel,326,2.8,87c7c608-499a-492e-9122-f2991af9fae4
9750bd23-75ac-4508-9b5f-3dc67af2933f,Beauty,1719,3.0,88e6cd63-5c2f-4732-85c2-3952bcf04cd1
624c3748-9766-4b48-a1d1-6fcaa3081bed,Kitchen,1158,4.2,5cff0afa-410b-44dd-b653-e2490d7f167f
20f52514-0178-41a0-b65e-c59e2a6eaa15,Electronics,1194,4.0,1a9db4fa-7db5-4b47-8a09-fd9b5b1748e3
8c965fdc-4dbc-4781-96e3-3829ce501a22,Apparel,986,2.2,f221b7d5-94fb-48dd-84c5-9cf12dd60255
5e0f7ea4-6cee-4d38-9674-566463380cba,Kitchen,932,4.6,cf330911-863e-4427-bf70-ddbe59906d67
9f637fe6-1fd0-4701-a6b6-d75ff99e8cf3,Beauty,509,4.5,f7a12346-654e-4f3d-b679-87442ef742be
18822709-58bf-479b-96fb-71a814ffde5e,Electronics,1044,4.9,25e917aa-ce14-487c-8a2a-0adea6b2663f
3a953c7c-a0b9-403a-9c80-eacba2d7564b,Kitchen,1018,4.5,d7fb96a3-94ff-43a6-b6c6-f53761e2c381
add37669-4f3c-4152-8bda-a0d68791d8fa,Beauty,311,3.3,5519bc5d-2988-481b-ba17-92b4a70b73b9
1d44e1d3-1f2b-463d-9c93-dc13835c6f04,Electronics,940,2.7,3faa2434-d9f9-4332-84de-c103b2d93d53
835951a9-4a66-440f-a1ce-f0158126dab4,Electronics,1138,2.2,870e8911-aee9-452d-bcf8-5479747379c8
cc01cf3a-db76-4fb6-970f-95010bfe53c0,Home,1176,4.6,360d31d7-aee2-495e-a069-baeb973c55fb
18d1b9de-1576-4edd-892c-5fad3030667b,Electronics,1427,3.7,1d6b4bf2-f28d-4c7d-9b5e-cb84ad0c3d8f
0f494b78-d8e3-4fb5-b177-eb3207694c4f,Apparel,902,3.6,8994f82d-45e2-4c04-90f9-7f13fa1b7aa3
9b0b90cb-f9ad-4de4-8078-f83767b72c7c,Home,1528,2.1,b43cb026-fd37-4a1d-9db7-3c0593d779bc
7b5c2ced-0ecf-471b-b623-7afcfae745ee,Home,1416,4.5,723666af-8e8b-49ee-ab69-4709f3599b3a
995f56a2-725b-4a6f-9587-d8af890427dc,Apparel,972,5.0,dbf5e57b-b844-4ef8-b8d0-a7aed51c8aae
5700d5e9-2d84-4199-890c-146598ba27f0,Home,1728,4.0,82650be4-a300-4c76-8ef0-c74f15aaaf1b
81050fe6-6cf9-4e6b-92be-d5f3306ae0cf,Apparel,896,2.7,b84298df-8f63-432e-8936-64e4a3730d5b
8b5dfa27-a7b6-4a60-9c34-903b427aacb7,Home,963,4.8,59febb31-1dbc-4f87-83b9-f92de3be9bb2
2bb0b142-4a16-42a4-af67-a5737248e435,Home,257,3.4,7f7f9458-45c9-4451-9237-0acc812d4c92
1cbb6def-6fc2-4e45-9a9c-ab06f1c018b4,Electronics,774,2.8,0d36fa9b-0ac6-4c62-8db3-3248fe9a0369
6cee6825-3047-4f0d-8cc2-a0ca93b950ba,Apparel,735,4.1,d98ef9f6-4e46-4946-82b1-b85e415a8b79
cd652b93-290f-4ff5-a8d4-722380c36491,Apparel,596,3.4,69ff260d-ad27-4eae-92b3-25e52726a30b
274c953d-b234-4216-be47-527e25190472,Electronics,831,4.2,299a6238-6a50-4e6c-8469-4a98db858c5d
afbf1311-5e1e-4e46-b40a-ee51d60af426,Electronics,1690,3.0,0caaf091-5d0e-4ba6-a85f-9c61c5c75dff
b252a556-f259-4905-8308-2ee8e637d605,Kitchen,1523,3.3,40e393b5-20b5-4aaa-9d51-837f892aafa8
e5ddf74b-6510-419a-b2bf-15e3901dbb3c,Home,1492,3.8,c8503595-4c44-4dc6-84cd-105402590f25
9a187dd0-626a-4e58-a3b4-a6d7d843f442,Electronics,1653,4.5,947cb004-36c4-4a04-b681-09f3d6a1ded0
cfe8751f-5fbf-4cd9-b8a6-7b9050eaa6b8,Beauty,1842,2.8,db2a54fb-58c0-4839-8e55-deb1dfccfde1
9bb7c54f-ab22-4633-bfad-aaf484a52235,Home,1336,3.9,dcaee25e-8891-419a-87de-11c368df868a
56a9dd87-0f4f-41dd-89dc-b60735d203fc,Kitchen,1691,4.9,a8967432-5fa9-4809-8000-4e828ca65832
05dc6898-cce8-4eba-8741-c9673e7b01d0,Apparel,996,4.4,a366b492-20ff-4006-95b3-8a3b6d3fe828
207fb009-21aa-4eaf-b266-79e566382cd7,Electronics,1534,4.2,e5744d9b-cba0-4d17-9308-30f8b062cc03
f73ebfb8-6b91-4f05-9199-3a87f3ab7359,Electronics,1903,4.6,50dc5b76-5856-4fd8-bf6a-9166ace41e86
a6dcbd69-ef0c-455d-bfed-33136fbd72d9,Kitchen,1804,3.5,7140e0fc-fda1-4a46-94eb-738dddea19c1
6071351c-d78a-4a83-af58-a64c4b290c5c,Home,1952,4.8,12cc3653-3dae-4903-9d23-8ab4ad3df15a
744a0fe4-f0a8-4852-b547-e1a7ff7e1830,Home,1547,2.6,ea824ce6-5a95-4ed3-83da-194206df0bc2
4f42d65c-09a6-4403-9cd5-4233c689e48a,Apparel,348,4.1,50932407-2ac9-4a33-ae16-8b26911570c1
02c11cb2-a3d8-4575-9679-96fe9f3d8715,Home,1270,3.8,6c1eced5-0caa-4ace-9140-35a37e216c14
23690999-1c0b-4b5c-b282-e30829884d7b,Kitchen,300,4.5,7b47f559-a867-4da8-b4a5-079ce893f0ca
3397f7e7-abd3-4b6f-8ee6-b7a965edaaaf,Electronics,615,3.0,cf330911-863e-4427-bf70-ddbe59906d67
fa4145de-73ec-41ed-b189-af7e450a9429,Kitchen,897,2.7,2fd11734-4a09-4a11-8bf9-4c1b12d425ea
0cccf0f3-9a3b-4763-b78a-1110661fcdd6,Electronics,596,2.0,8426be7c-0204-477d-8d75-fc79eb47f194
753ea8be-4608-417b-ac09-b0a5072d9e8e,Beauty,1324,3.2,3aeda1ab-5def-4be8-954d-0a7fbbcd7e92
bc50992e-97b3-49ab-b47d-65688d4e3a91,Kitchen,1687,4.9,028524d4-2cf3-4058-8495-78834f77233d
e72c4e8f-0dcb-4cc5-8721-14fbac21fae4,Electronics,977,4.1,5519bc5d-2988-481b-ba17-92b4a70b73b9
a8860790-6973-4739-8673-b44e844cd7aa,Kitchen,1906,4.4,8513425c-2956-4570-8eb4-41c89356f96a
663279b0-0ee7-4c9d-aa8d-571ee310415d,Beauty,377,3.9,2a9e2135-f5d2-4f3b-a6ac-9d4d179178d3
1eb48d8f-08ac-46c3-8f55-c631fbf6a72a,Apparel,1251,5.0,697c2949-fe2f-4cd1-85f2-9b2f127c9547
6d76dd5d-9168-4fd5-95b9-a519d0b46ce4,Electronics,1874,2.5,f4f83272-8ef2-41fa-b928-0e0349de371c
767900a2-13b3-4e32-85fb-65d99603005c,Beauty,1090,3.9,ad5ece66-3c91-4537-9e4c-6f6dca1caf51
c1aa8ce3-3f93-4fba-a9ce-577b83081ace,Home,773,4.0,caee6447-8dac-44f1-9bf5-61429bc5e300
6b9c050d-d9d4-4921-90fa-e4b0244a93d0,Apparel,957,3.2,f14a9d80-5d65-4b9c-a1f6-06953e4122e9
d2dfb284-0a0d-4c49-97b5-b46c185a61ce,Apparel,1896,2.6,bb242e92-88eb-4dff-bce8-30ccce787d57
e2afa264-4a00-4f81-b8f5-5aa3947ae737,Electronics,1063,2.6,6eb44a02-399c-457e-b962-cd24c7364dbd
cfef4572-f773-4ac1-9405-20b693ece124,Beauty,158,3.4,5c7038d7-c4e0-4f78-b733-5c331cd45db1
70a44f93-d306-4d3b-a93d-ef877579231c,Apparel,1080,4.0,93d2ca76-e3ac-4123-8a6a-b122bd370f68
e6606c3b-eb19-4342-aa78-2bd503f1fd23,Kitchen,122,4.1,aa54601e-fa38-4649-9e3e-a9bbb8c1184c
60f8a043-f870-4546-9a7b-2b958fe761b1,Kitchen,371,4.0,ebbf4779-5bd2-4c6e-998e-1befbcac387e
3c888e7f-41a6-4fc6-b693-da98661ad742,Home,1605,4.6,7c598eb8-425a-4b2d-9f59-8f87dde659c9
83694908-a91c-4526-99e1-57cf2e6f6b43,Apparel,1509,3.9,909d8a9d-1ac8-4c4b-87e2-e47a134eeb0b
394c95f6-2242-4f7b-96ed-265deb6fcb7b,Home,1760,4.4,c62e2269-796e-4cbe-b1a1-30e1e466231c
7725db9f-52b7-4d5f-a7d8-61753f995076,Home,478,4.2,394218d7-6f41-4b95-8174-1df8f8a7d8b1
4169beb1-3355-461c-97e7-428a681cbc79,Kitchen,731,4.7,cf330911-863e-4427-bf70-ddbe59906d67
7804d134-fe73-4028-9f02-48b601370ad3,Electronics,304,3.9,58c45ee4-3e62-47d0-8456-ddc6a6c36768
7ea6008e-9f1a-4025-aecc-fcbd3bbdaecb,Kitchen,649,2.5,caee6447-8dac-44f1-9bf5-61429bc5e300
7965c766-f2d9-4744-8053-2b8e63612fb5,Electronics,1887,4.6,420fa226-13ce-4a60-aaa3-d0cefb5c8b85
15005eb6-7068-4da4-938c-31a1a71a9488,Apparel,422,4.1,cc3a82ae-ba12-4c17-8faf-8fc7e29601d7
cf415ba7-be1a-45d8-98ec-1129e6e943ee,Kitchen,114,4.1,a83211a9-9230-4838-890a-3868a88d8393
6b910db0-9d8e-43a8-9fdb-558a24e9f669,Beauty,942,3.1,9af79453-8805-450a-9bc0-823638151b77
80f6eb96-65f4-4fb9-84ed-1b231685e726,Apparel,341,4.0,dfc9423e-1f64-4646-955f-793e765d15d8
32150e77-9150-41ed-be2f-31509092982d,Beauty,1446,2.2,681b89c5-4627-42f5-8984-d07fa329d859
0fb512b7-7730-428e-9d38-3db4ac5e4f06,Beauty,661,2.0,59febb31-1dbc-4f87-83b9-f92de3be9bb2
59ed4f41-93b6-4c8a-955d-e3f68538698c,Electronics,683,2.3,55818ed2-5be5-4e12-8d7c-322ab5f203ef
7f809002-7a69-409e-a855-125c4b7de6a6,Kitchen,494,3.9,06d3aae8-d63d-4a38-9ade-45d3f423b724
5c35ffed-afdc-4fbb-9a2d-ac55970d104e,Apparel,1937,2.6,c8c24f39-fd9d-4be7-bfd1-3068f2c27903
5eb510ab-efcc-4d11-aadf-8ea82a747121,Kitchen,737,4.5,3c720657-4924-48a8-8048-6ea11f68e748
90d63f7a-0cd9-4b62-bb9d-b4ed0b18b7f2,Kitchen,1817,3.0,758edc21-8ece-442d-9276-a918e7adee8b
25e09340-3b6c-4d14-96cd-52209cbc17b3,Electronics,214,3.5,68318a1c-1a23-49a3-8f06-a69262139205
5dcbe9ec-9ec9-4ce4-bb30-5506623407cd,Home,889,4.6,ed5344dc-e57b-47a1-b8da-56dcec63b594
fba62e48-7491-414f-8415-2c2e5589f75d,Apparel,155,3.9,a15bdbb9-d176-476e-9816-97340c36b98b
96f6db21-0f48-4c3a-b874-c1ec38907ad1,Beauty,754,3.8,aa54601e-fa38-4649-9e3e-a9bbb8c1184c
9f77ff8f-bba7-4bc2-bb41-06b55ed0ed8b,Electronics,1315,5.0,0d36fa9b-0ac6-4c62-8db3-3248fe9a0369
20913451-c24e-447c-9e86-c64c855d5d3e,Home,595,3.4,a5433bb3-9a76-4c05-8517-4280fbaecbe4
be5ab14f-0cb3-462c-85be-7225ff23f24d,Beauty,986,3.7,ff3541d4-e38d-4f65-bb03-9814136de9f0
330990c7-64e9-401b-a764-5b6a9ee0d3ce,Beauty,1328,2.5,ebce3dd7-8a5d-48fd-8472-71a5041d5755
d729b0cd-2f91-45cd-91eb-a4135af52121,Electronics,810,2.7,8513425c-2956-4570-8eb4-41c89356f96a
45af9720-a4c7-431e-a167-67a11a62534e,Beauty,291,3.7,758edc21-8ece-442d-9276-a918e7adee8b
06d7de7d-d8f5-40c4-862e-8a6b0aa83a9f,Apparel,1380,4.5,9c2c2195-f35f-49b1-8c18-4cad67e92e52
3627d88f-0b31-4c34-a28c-fdd750b949cb,Home,1346,4.0,d98ef9f6-4e46-4946-82b1-b85e415a8b79
5f4d8d43-dac7-41f7-a358-e7020c8987f3,Electronics,1724,2.7,aab1b855-33f6-46d5-9714-7c57cc7c4d0e
e1fe30b8-738c-4dc6-9114-c3122fc721bd,Kitchen,359,2.8,127ea0e2-9519-4c09-bad1-16ca74e7af1f
aff578b5-39ff-4992-8ffe-cc0e38e652d6,Home,702,2.0,3fa4552a-cbda-453a-a682-23f7017b7c1d
5a23f021-d531-4b2e-bd7a-084dd93ee7e1,Home,1149,4.2,7c598eb8-425a-4b2d-9f59-8f87dde659c9
7eb8f5e9-3fdc-4ec8-bf74-086d245b918a,Beauty,491,2.6,17fb4bfd-1e95-47ca-987b-3853a10df6b1
d7c8f1b4-ea19-44c4-89e1-7363949e914c,Electronics,1203,3.8,f2f3d5f3-3130-451e-82e2-ddc924dd08f9
29d37120-3172-468f-ba83-e151c9b6c75b,Home,627,2.6,3f6a971f-56c6-491a-ac3f-19430c743375
7fc146fd-a8d3-4642-a6f2-ca0627146856,Apparel,1610,3.6,0acfc6ba-9ad3-4167-8c3d-991091daf532
ddc10bba-cb0f-4a31-8476-c05fe18ca999,Electronics,621,4.2,e1e773f3-48b2-4b68-90c6-0795c4b9df43
e5514d17-2a8d-40d6-9e9e-15684389fbf8,Beauty,1689,4.4,ea824ce6-5a95-4ed3-83da-194206df0bc2
f8005ad7-12fc-4a28-8922-e9d4e38e0e08,Kitchen,459,2.9,e27e0a00-2b82-4012-8d11-d15ddbaab95b
03941d4c-c68b-44e8-aa3e-835754718b91,Electronics,461,3.2,06d3aae8-d63d-4a38-9ade-45d3f423b724
9de1bb66-35f5-41c4-bc76-432ca6aabf23,Home,1235,3.0,105ff227-7a24-403e-9c08-77f01a843bed
07d49f35-7c58-46bf-b0eb-1180725ca78c,Beauty,650,2.6,c6ffe252-4dd6-43cc-ada3-a17acc3a0da5
6089762b-5d2a-4edc-9b8c-747eb796c431,Apparel,1282,4.6,69ff260d-ad27-4eae-92b3-25e52726a30b
f4ed0060-15d1-43b2-b9da-d94226f872c6,Electronics,1397,4.7,406c3615-1175-40b7-ac76-febb791843e4
cdef060a-3a13-4191-9b1a-2d83959c1e55,Electronics,864,3.8,909d8a9d-1ac8-4c4b-87e2-e47a134eeb0b
b9ebe3c6-d6fe-4781-ac4b-7489324b17e8,Beauty,1827,3.9,70aa389c-25ed-456c-83c8-65f1eaba6d49
b1f318ca-0f5d-43d3-93bf-339b2b6f6cf1,Home,1265,3.3,d3ed7e40-0dee-4c02-9ecf-922f73ce9351
7554fd99-b1be-4489-9f70-ebe181ab50f5,Electronics,1889,4.9,e79ed9fe-4eaa-4fe7-aaed-0c6f77b46af0
594e3d1f-21dc-4cc2-95fb-18cada20f7eb,Kitchen,529,3.0,2b758054-ea0d-4cd4-a76f-3de7ff7ba854
55802d5d-0a4c-45bf-b0c9-e343341be4ea,Beauty,929,3.0,2e2bd71a-e2b3-4739-966b-674072a98b84
0290d166-65b5-4152-8676-873356f02d82,Beauty,355,4.4,406c3615-1175-40b7-ac76-febb791843e4
5973bdc5-2828-458e-885b-33fb1bb8f9ce,Home,109,2.1,dc450023-9c83-44d2-a00c-745fc626845a
19c28a6e-d895-4a5f-85e9-b64e93fa367d,Electronics,796,2.8,3287e54c-67c5-46a5-b32c-210e12e304f3
6ebd1e2e-54e5-41b4-84d5-afd33350922a,Electronics,1032,2.6,b2f65dbc-e522-41f6-8827-9338042033c3
47e83112-0096-443c-8ad1-7a104f631b58,Kitchen,1614,4.2,ebbf4779-5bd2-4c6e-998e-1befbcac387e
1d04537f-2143-4ee7-9609-1b5d2e2ba834,Beauty,1465,3.1,9d91fb4b-3bf2-44db-9f52-0d04c7943ecf
c86667da-9ccd-464f-ae7c-5807f33d365a,Beauty,980,3.3,8513425c-2956-4570-8eb4-41c89356f96a
ee090911-752a-44ff-a7e1-9a0e561ed679,Electronics,1286,2.8,c8cd3bd2-1a40-4f23-b570-8cac016caf44
ac457ddd-2e47-40cb-8b1c-490109e9974c,Beauty,1535,2.3,6d876c43-bf87-4357-9d44-8846ef73a321
dd2bc69a-82b8-4094-9224-70cb617bcbd0,Apparel,1886,4.6,87c7c608-499a-492e-9122-f2991af9fae4
906bb61b-525a-4fa7-a300-ca005973ac24,Beauty,1296,2.2,eba04da5-07d5-43c4-8eca-f6c85dbc4b0c
dad6968f-c079-44bf-ade7-16814833cec8,Kitchen,1372,3.3,1afa5fcc-247e-4a76-ba86-79daa7e604ed
bf0cb385-d4cf-4a4a-b996-cb18836c7666,Apparel,153,4.9,3d963000-25f9-4a62-8957-3165bccd03e7
ffb24b28-3241-4573-b89f-465d18f8a139,Electronics,633,4.4,36145ca4-7c98-41b7-ae31-d00ca4ffd437
2edc9406-5f77-407a-9b36-076a1ad8b863,Beauty,310,3.0,263f2ebd-a00a-4733-9ce0-7ba2f8b0b52c
22080d8f-e46d-4df5-912b-d788d2ad2095,Kitchen,957,3.3,8ad90801-c96e-45ef-a42c-9f279d33f7e6
a07b45c1-564c-4228-868d-7bcc55b9be54,Apparel,1436,3.0,66e94faf-0b43-4040-8083-6bbf07b9e01a
420974e7-5b43-464f-a515-006fc872805f,Electronics,965,4.8,2e6c0a82-beca-423f-9eb0-0b2731b1ce7a
c5aa5785-b822-4ac6-855d-17cdc9447171,Apparel,887,3.5,aa1eb3af-e966-46fb-944d-e43c5c33e400
51a6e7d3-44e2-4a4f-a1b5-716886898389,Kitchen,1252,4.7,828b7aa8-d1f9-4fcb-98c6-45e9a421860f
6ffdaa5d-8ee5-41b6-9024-1fad66185a4d,Home,518,2.9,84173aae-09f4-469a-aa32-cb1163715e92
8bcdf799-cf8c-4fd1-8738-b5cf2beec5f3,Kitchen,1350,4.7,394218d7-6f41-4b95-8174-1df8f8a7d8b1
b450ad3a-fd8e-4e9a-86d9-df79e527659a,Electronics,1159,3.0,b298daa0-f537-43a0-91cd-3530e93db74b
8a0a25da-d29f-4660-a104-a30df9c425f9,Kitchen,763,4.3,c8cd3bd2-1a40-4f23-b570-8cac016caf44
f06123a6-b0f8-41a1-a100-54af2dd12147,Kitchen,1700,3.2,3a18699d-3f4a-4206-a8e6-e33efe348b52
edf7e763-88ce-4eba-84cf-dd778de28f97,Electronics,1719,4.8,2e7ff4a9-8276-40e8-aa05-5e438fbd9577
f327b324-883c-4b15-b42b-35c763d896c5,Kitchen,736,2.1,68318a1c-1a23-49a3-8f06-a69262139205
b01ed940-6cc6-4acf-afee-dc9501a36406,Kitchen,1945,2.5,1036c721-9ad3-45d2-a99d-eee9c63ca8ef
82d37b16-4b83-4438-b2dc-4d1907d2d556,Beauty,247,3.4,85ca2b56-9776-44bb-b9d6-fc061688f406
45dcef49-876c-44a7-a5f3-8dc61b14b35d,Electronics,1303,2.5,86e3ec04-a7ed-4667-b7aa-57e0e78b5444
32f9c68b-d68e-47c7-9584-638630a29139,Beauty,354,2.9,c4c9c3d5-41ac-487a-9702-dc82a8d56fda
05d28e70-dc15-49b2-bb00-36c8f0dfa1ec,Home,776,2.2,5fdee223-a497-48c2-9379-8d258d3c1f2f
de8d2e20-a93a-48e9-af51-1c4132fcb4ac,Home,1203,3.0,93d2ca76-e3ac-4123-8a6a-b122bd370f68
e81a43a9-74da-43bd-b043-46b4f03a9975,Beauty,976,4.2,3ef6b696-147b-46ca-b404-3e7f3aa629bc
e590705c-7b18-48bd-b3a0-3363b1b8c536,Beauty,1891,4.5,dfc9423e-1f64-4646-955f-793e765d15d8
eba63dc3-5030-4eaa-a8d6-cceba2e37e76,Apparel,1388,3.2,89224cb6-bca2-4b66-8434-229fa37b8602
a8ad1941-61f8-4c2a-83d5-b3479d36569b,Home,1159,3.9,870e8911-aee9-452d-bcf8-5479747379c8
b821b365-481d-4c63-8dd3-dff81d14e2b5,Home,1653,4.2,7f7f9458-45c9-4451-9237-0acc812d4c92
6b93838e-13da-451f-8514-f2daf9a7b70b,Electronics,1878,2.2,cf74121f-b5fe-463a-a092-193efca62f1f
966030ca-6022-4928-8b41-66e9bd919857,Home,761,3.5,bd1285ba-3c1a-440d-b11a-9826c0eb91b6
b997c768-394c-4e84-b2d4-622a4eceb58e,Apparel,1574,4.5,eb221a4d-a297-41ca-b606-945ac4a5bb71
99d6c179-5623-4776-be5d-d891803f3abc,Apparel,1841,4.3,b6941ea0-0b1b-4371-b6e1-6504fccb7c25
1ef5448d-8981-49b5-8c1f-16762c2c4afa,Electronics,1283,3.1,80b5d469-dfce-4328-8e6f-3c82d0bbbeef
8c453f63-8090-4a50-aa92-de1ea0a3a80b,Apparel,1751,3.8,84173aae-09f4-469a-aa32-cb1163715e92
9d5ad385-0e19-4117-8693-19ad792c87d4,Apparel,1654,2.9,67fddd82-34a3-4422-a537-1f40c4003c08
17010a79-7e13-437a-9471-046bf219d533,Electronics,1860,3.1,a4182842-0308-49f5-bab9-7165f2a5f139
3c140bb5-5452-4fce-bd3c-d6ae9a2e5253,Beauty,1041,3.1,536bc98f-e293-4be6-88c3-ed1e63685f7d
cbf5e05e-c825-490e-9eec-60245ccaf692,Beauty,199,4.7,7b990ed6-f0b6-4067-9235-3c6cea235277
4748f39b-f23a-4adc-9710-c57249f66f62,Kitchen,949,2.4,151d1868-0705-4009-af6a-78639992e322
c277e922-540e-4f6c-b9b5-eec6ff8b1c6e,Home,1630,3.3,181c3459-011e-4d7e-b1b6-be30a206b2b6
37e23298-d756-4ec1-a542-7782508e3f7c,Kitchen,1492,2.8,cfc87f0c-6b00-4979-b567-e939c67f19e1
50589e53-e8a2-4e46-b37a-8927953c6a9e,Electronics,628,3.2,31de31e9-67c1-463b-a7cf-d11fb69f3f9e
736ed166-cfc0-4608-921c-fc2d361b4374,Electronics,873,4.2,36793a90-b26f-403d-b987-069c0b5beea2
95179768-5b9f-4508-a631-40ed4e32b0d5,Home,576,2.3,65a4a182-d125-45df-a7da-eb35bc4e6a59
3e34e991-b75d-4d0b-a7c5-8f9edf06aa0e,Home,501,2.7,76be1cda-0e57-404c-98be-a98d5ec01bdb
70dec2eb-a81b-4ec1-8900-223ec985eb68,Beauty,281,3.4,80a7bce8-5ff2-47d0-8573-ce84c4d17340
d0a6afec-9f64-4daa-8f0c-4df0d9103523,Apparel,1018,4.6,2160f327-62dd-45dd-aa76-3b4facc2d965
7b7d5412-b9f9-40a2-aee6-8b95697082ee,Apparel,1914,3.3,9057512d-8699-4854-9809-d9a4ef5efd85
d5bd21f8-4de7-4720-bcd3-49e2b2003aff,Kitchen,1044,3.4,6eb44a02-399c-457e-b962-cd24c7364dbd
b2485341-1957-4a7c-88c1-cbbd63fedcc1,Home,1482,3.2,5c7038d7-c4e0-4f78-b733-5c331cd45db1
657e393b-24e6-4e3a-8a32-21f508d50623,Beauty,601,4.8,8a4d20fa-ee46-47db-b671-9335d747e3a1
47d02011-13c5-4d98-af0a-c1a3489d2327,Electronics,741,4.1,93fea36f-f760-4330-af54-331af2e886cb
e5a97448-e8b6-4d98-8b7a-436a3484ecec,Electronics,1946,4.7,2a9e2135-f5d2-4f3b-a6ac-9d4d179178d3
e1ddaef0-8af9-406d-a708-883f46381580,Electronics,1100,4.4,55e5ccbf-1b02-45d0-b036-f7ca18183d1e
3b332581-7389-41a6-92ac-b4906509cc87,Beauty,1683,4.6,de688fe9-dee2-4ae6-aa31-e712d7022060
8734e320-005e-4330-877b-8f625e24bd6a,Kitchen,1501,2.9,d551634a-f193-4359-aa4e-3e3e65dd34c2
14de4d25-2781-4a46-a803-f428aa5b2a3a,Kitchen,1818,3.5,eb4abb77-533e-47c1-88b7-442b0cdae669
b7355761-9fb6-4f16-a01c-38fe0696ce70,Home,1303,3.1,55022cfc-78d9-4375-a7d0-2539340aaf8b
7e3efcf8-a94b-4a9f-bad0-81780c68256e,Beauty,1635,3.4,181c3459-011e-4d7e-b1b6-be30a206b2b6
0ed1edec-4d25-4638-a8e3-99f1f2ace58f,Apparel,1642,4.4,415a9820-de5e-4fbd-9839-ba53ea0b0472
8dbfb2db-ad20-4cc5-b9f7-585938365825,Beauty,1053,3.3,415a9820-de5e-4fbd-9839-ba53ea0b0472
1cfb125a-0d8f-4cfb-8c58-0816f733ab0a,Kitchen,151,2.8,a197e7ed-6071-4d0b-9b63-5eb24089689a
0780a601-432b-450f-8870-48bd5e947c1c,Apparel,1874,3.4,dd11aa77-ea9e-4629-85ee-0e5413a3eca1
99941341-e0a1-4579-952a-9a0682f360f7,Kitchen,264,2.9,8a4d20fa-ee46-47db-b671-9335d747e3a1
af93db03-886c-4c52-92c1-cc6c9b4fb8cf,Kitchen,509,2.9,5e535c6c-acde-4240-8961-7b52e1d55337
aa443c6a-56d0-4f2c-96ee-64df1ffe1088,Kitchen,1644,3.4,84173aae-09f4-469a-aa32-cb1163715e92
0f0fe810-d64d-4b26-9e5a-f1302c486bed,Home,221,3.9,6528403c-e9a8-403f-8d52-9e0fdf656ccf
5a155ab5-c592-4d91-a1ef-10bf274886ce,Apparel,1417,4.2,a45b0351-2385-4142-b33b-b9ebad6de04b
d7191538-5789-4513-a3a1-0acfd9b978f1,Kitchen,1612,2.1,8d1d5d3a-8a05-4825-914d-e330d4b5bb2d
8ed6a0fc-2b39-4364-b040-d9af5c1d660d,Kitchen,915,3.1,e1e773f3-48b2-4b68-90c6-0795c4b9df43
bf895a91-0309-40aa-a9f1-aa39eee413e2,Home,595,4.2,852252be-8099-41e0-9469-de71fb54c21c
ec70ecb2-0ec0-4457-9716-cf48ff633734,Kitchen,803,2.7,753f6bae-734e-47df-9d17-636a21f3af83
ffe44d86-c767-4ede-b630-ce9f3ea42766,Kitchen,1440,4.0,25e917aa-ce14-487c-8a2a-0adea6b2663f
6b469362-d440-4770-9d68-d74127cc8f37,Home,800,4.9,3faa2434-d9f9-4332-84de-c103b2d93d53
0364f043-647b-48f9-99b5-f90e3fa73ab7,Home,1871,4.0,33bc9d60-cd3a-4a03-9c37-a04f056b98eb
1b67841d-9d20-43d1-900d-b683ac969f40,Beauty,980,5.0,127ea0e2-9519-4c09-bad1-16ca74e7af1f
1a4a85f4-f676-4106-9e5d-148570c4c72f,Apparel,1864,4.9,3b8ac338-78c2-46b0-84ab-83e4e2fc17f5
fbd1001f-4740-497d-baf3-d10dda638fdc,Beauty,159,4.6,a45b0351-2385-4142-b33b-b9ebad6de04b
aa707594-05d8-456b-abb1-ae9adcd40e3d,Apparel,243,2.2,cc3a82ae-ba12-4c17-8faf-8fc7e29601d7
4e340a1a-630b-4b8e-9302-b071460ccd44,Kitchen,1297,5.0,349e743b-2bfa-46b6-87b4-b9e9b9a74eb3
dad7f358-964b-4183-a121-f1c17df911db,Kitchen,1788,3.3,b8edd250-a8fa-430c-8789-2b7238942031
8a0a37dc-91fd-43df-85ea-35ead05d1551,Electronics,1511,4.3,57f02c9b-abc2-4a0e-901c-cbecb8108a29
4de293a0-06cf-4317-841c-b3413d9786aa,Electronics,1311,4.2,f470de6f-7aaf-4093-bb7f-e27da13a7329
335eed36-6b82-486b-a4bb-7e6e64907ec1,Kitchen,264,2.3,6e7720ed-a52a-4d97-b119-bf29f3e074a1
36025e04-30bb-4502-9863-fa3eefff1419,Kitchen,1128,2.6,9d91fb4b-3bf2-44db-9f52-0d04c7943ecf
969f05d7-a162-4e88-99cb-109598ae8cf9,Beauty,1712,4.8,25a9804e-9b17-4ff8-9b72-09b7256b91d6
fa3d6c2b-abd4-461e-8b4c-5cd92ac044c4,Beauty,256,2.9,5519bc5d-2988-481b-ba17-92b4a70b73b9
47af6600-3ffe-468d-a2ee-ab1d8499386b,Beauty,1018,3.3,758edc21-8ece-442d-9276-a918e7adee8b
c944512e-fc05-47f2-843f-d832dd87c926,Electronics,1416,4.3,8d1d5d3a-8a05-4825-914d-e330d4b5bb2d
7f082c44-5a88-4141-b169-c1a0c934ea42,Electronics,1097,4.0,9057512d-8699-4854-9809-d9a4ef5efd85
c826ea80-fbd5-445b-b380-dbc38db84e4b,Beauty,1601,3.8,772c571f-8d8c-405a-ae69-191b34d44fb1
fbcdfd39-b52f-464c-8e7c-703c898699c1,Beauty,1221,4.7,e6e1810b-c901-46d0-90b5-d3dcf654c165
e44caa7b-4caa-4a92-a39b-73203b3417aa,Electronics,132,4.2,a5433bb3-9a76-4c05-8517-4280fbaecbe4
aa2d4800-8d96-4171-a26c-4151b2c370c0,Home,855,3.2,3dbdf1aa-b446-420a-b5f4-f815ee4fe109
aa642e0b-64d5-455d-9206-4a903049f9c9,Electronics,867,2.1,87174aa2-eea8-4f25-9d3d-f5caacb6f3b6
80f9c605-332c-4596-8d5c-ea95f2f0ca3e,Electronics,238,2.8,44466681-19ce-4a50-93fe-058677d8b674
dbbe2a8c-4960-422a-9f25-e301acaf22cd,Home,1516,2.7,322c9b24-eefa-488a-84d6-946fdcfbfce5
0a2f3fbe-b878-45a0-80fc-89535f738492,Home,1276,4.1,7f3fb2b2-1ff5-4090-9677-c1b8f221c1a5
02265bb0-49a3-4d69-8fa8-9aae7673c0db,Beauty,1960,2.9,c8cd3bd2-1a40-4f23-b570-8cac016caf44
706f64a9-e450-4dee-8ea0-4f51937b3e75,Kitchen,669,4.5,292b2e72-b185-4a7a-bb1d-f93c2789d249
101b60de-f4e4-4278-9313-4d36edaafea7,Home,1376,3.6,8b58db27-9c00-4a8a-9f45-feb3fad52b6a
95a7495e-fdae-4f28-aaf5-4516cf8137e5,Home,237,2.8,8451e1b3-cb47-4667-941c-31caa1b94a18
5880b582-3ced-4f9e-aa52-9574662e316b,Apparel,542,4.6,6dd5e2df-ecec-45aa-9c6e-c55c96f00eaa
661238d0-78d2-416f-bddf-89704a1534af,Beauty,870,2.1,2e7ff4a9-8276-40e8-aa05-5e438fbd9577
450e4f55-f77a-4c27-885d-bbac5c0f9a16,Kitchen,1023,4.6,97152e81-f515-46a8-9f11-0efc7abc9a59
722b7a44-47f9-405f-8859-30f45ebdc2a1,Electronics,1309,4.5,181c3459-011e-4d7e-b1b6-be30a206b2b6
828108a3-7478-4dcf-b253-310edbbfb65d,Beauty,1601,4.2,8692dd97-83b7-45cc-9fb8-7ed0aedd9370
ba7a2b64-d883-480e-b99f-13e03373ef6b,Home,634,3.4,30c9d7d5-b640-4bea-92f4-22bdaa6ed668
834a96e8-47d6-497f-a4f2-ae8c58b178cf,Kitchen,1794,2.4,103e25b9-aae7-4019-a606-2edde4893da4
498449e9-502f-47cf-9381-8c6201c66e11,Kitchen,1340,2.8,6e7720ed-a52a-4d97-b119-bf29f3e074a1
0f11836a-c113-409f-95e2-3de90ce41c18,Apparel,1937,4.2,a14c3bba-9cc0-4129-b275-0b2fb8cee716
feccd94c-d14e-47ae-a720-ff136177fe31,Home,1976,4.2,9c2c2195-f35f-49b1-8c18-4cad67e92e52
46b52132-c8aa-413f-8b07-96eac68af8f4,Electronics,1084,3.9,2160f327-62dd-45dd-aa76-3b4facc2d965
5cb3fa75-94a3-42a2-8f5f-e5a6900da865,Kitchen,268,3.6,985827f7-d1e8-49e8-a9d9-416052dcfca4
a3220638-0726-4d94-8bff-e3dfab4c212a,Beauty,947,2.9,2d66d705-4f06-4d77-86ee-380cb0ccba1e
97a4bccd-2c3d-4640-af49-6392f213527c,Beauty,1081,2.9,addf7f0a-d5e0-49a1-b545-6ed97484e726
84247b6d-98ce-42e2-8f0e-eae45f323e42,Apparel,516,4.8,082c9e51-2a7a-454e-9ed1-ab7b270dc332
580be77f-e940-4f12-a5e3-27dd41cac60c,Electronics,1480,2.6,195754c7-928a-4d58-9013-7c814e2d291e
a29beede-537b-48fd-9b36-b3d71d76ec1e,Kitchen,1152,3.1,b25b0711-b360-4482-a4b4-422377141a9c
ea22df2d-6617-41be-bdde-7b5103b183d1,Beauty,1681,3.0,4f2483a4-e111-4594-b880-e03c37d608a0
3b70de68-4ec3-4296-ba81-5d4346145bec,Apparel,815,2.6,8dc41263-0d3d-4823-b3bb-50c565b51330
0fd54043-28c7-4a27-8a4c-14732c504e96,Electronics,1688,3.6,bbec24f4-3c33-4f05-bc0f-0079a5114c5d
641a34d2-32c4-4575-880b-178d6cdfd643,Home,1520,2.4,3287e54c-67c5-46a5-b32c-210e12e304f3
5602146f-5487-4e09-ab60-d978d676f11d,Electronics,771,3.0,8dc41263-0d3d-4823-b3bb-50c565b51330
bb8dbb86-96b5-421b-b121-4d56fd6a25f8,Electronics,218,4.4,406c3615-1175-40b7-ac76-febb791843e4
b8f24e47-ebb2-40be-807d-a628f9da5829,Kitchen,1545,4.7,aab1b855-33f6-46d5-9714-7c57cc7c4d0e
5bde5bd9-1fa1-4684-8c14-478820ac0c46,Apparel,1977,2.5,5cff0afa-410b-44dd-b653-e2490d7f167f
f3759fdd-e18e-4090-989e-dac07bfa529c,Beauty,776,3.1,4a06dd54-a426-406f-a943-2170a9a966a9
4315cc45-f6c9-44d0-970f-ca99ee64d0c1,Apparel,871,3.4,08282dab-2f80-4b99-9fce-b43e947e0dcc
d68911c2-d643-4023-9be5-c2d42c6df1eb,Electronics,464,2.6,c6bcf593-dc25-4db7-8ff3-86bc24d73a98
4b1a19b9-b4c6-467c-85f3-e6713c503163,Apparel,1303,2.7,6dd5e2df-ecec-45aa-9c6e-c55c96f00eaa
034b66cb-c854-4b92-ac34-9c4d024e8bb2,Electronics,287,3.6,01e39fd2-c696-4d8a-a19e-3517ea8c8b04
41de29be-fe21-43e4-bf9a-9584c23e2215,Apparel,1599,2.2,0aeab51c-48c3-4d52-95db-82d694f72dcb
b7a1fff4-a66f-42a8-8a9c-9ba73c91b430,Electronics,233,4.5,2d66d705-4f06-4d77-86ee-380cb0ccba1e
6b1ffb38-ccbb-4a42-83c6-5f73ec88f1bb,Beauty,487,2.8,324c5727-35b6-497c-82a4-99eba7504e2b
febbda01-86c9-4e15-9df4-e9e91e3ca7ca,Electronics,1772,2.5,2a9e2135-f5d2-4f3b-a6ac-9d4d179178d3
f5a0d017-72c0-4666-92d2-cf10eca0f280,Home,310,4.1,9fc6a12d-e63c-4b89-8b1b-68e993087af9
2c6cec94-0a58-4194-b292-69f761c2c026,Kitchen,1276,3.4,72dad14b-1c8a-4efb-95ea-f6d48b202c7a
84d90735-392b-4b8d-8196-61fb1c40c57a,Home,1662,4.5,72dad14b-1c8a-4efb-95ea-f6d48b202c7a
eb966150-fdbc-491a-a3bb-e6a7aa4728e7,Electronics,1606,4.8,6e7bbd5f-fc71-4a45-9b59-42dc114f9e26
c732937a-4543-44c8-8576-6126a3b353a5,Apparel,1154,2.9,6bcd3e84-de46-433f-9010-2c96f77074e0
5e76fe5c-8ce2-4695-9b16-32543f16072c,Home,704,2.3,c87c3e4d-5b87-40f5-9743-dcd09954c42f
9ded93d1-84e3-40bc-b56f-7161180bef45,Kitchen,1582,3.2,0aeab51c-48c3-4d52-95db-82d694f72dcb
ac08faa0-126e-409e-8bd4-72ef6b723b90,Home,271,3.0,87174aa2-eea8-4f25-9d3d-f5caacb6f3b6
352663cc-035f-40ac-9573-94f5f96bf80c,Kitchen,842,2.6,bd7ad98c-383d-4aa2-a352-824d31b2710c
80d30d26-dca0-4195-b793-aac34a44a663,Apparel,756,2.7,55022cfc-78d9-4375-a7d0-2539340aaf8b
c6dbf914-5d41-4b28-baf8-92957b45ecbd,Apparel,1755,2.9,39945eec-a6cf-4fc9-b793-bca2295b9f6d
bdc310d5-7d1b-4aad-a458-60a49bf79f6f,Beauty,1003,3.6,ea4f3dd9-918a-4d18-ad50-7ea95d7743b8
f079e2fa-dea2-48aa-83ed-b85e3827a7f2,Apparel,1930,2.1,dd2ae168-3839-43bf-92af-38f1467585cd
b6bf42c5-ac32-445d-b2f7-a690b0e4e460,Beauty,838,3.8,53677aa0-c7b0-4311-8c13-729debef8a8b
5ab75c26-e05a-4c45-b169-54d4a20f4ceb,Kitchen,754,3.4,a2db00fa-0c99-49c1-a260-a4c0224230f6
c4ab39b6-ffaf-4a5f-913d-2408f1b5d5c1,Beauty,586,4.2,5519bc5d-2988-481b-ba17-92b4a70b73b9
eee71db1-c901-48a7-8639-dd85986a491d,Kitchen,1915,2.9,9c2c2195-f35f-49b1-8c18-4cad67e92e52
405aef54-5caf-4d9b-ae39-2a7788ea4a21,Electronics,1619,4.9,c3ad2403-d338-4760-8df1-46d19cc51a35
9aa6a497-d5c0-400b-bd91-932ee681bcf6,Electronics,301,2.4,720cc0db-2686-457f-afe1-c9cfa8cda10c
457b5adb-1041-4830-8599-b3049c02798e,Electronics,1856,4.7,b25b0711-b360-4482-a4b4-422377141a9c
8a263c7f-9800-4ea0-b137-92b425c31070,Kitchen,412,2.2,a83211a9-9230-4838-890a-3868a88d8393
686ebde5-b649-48e4-9889-fb09f03a9424,Apparel,1365,4.8,dd138f5a-7bb8-4ddd-9b3e-8bf896731f70
d93846c7-6f07-4b7f-b51d-47dadeb463d1,Apparel,146,3.3,03dd629f-7cc7-4466-8a01-005b0d082de9
c80ce56b-f528-40a1-bfd0-2f31cbd86b45,Beauty,1412,3.1,868d7cf6-6d7b-4718-a7ec-74c04bf39c49
aed51895-6e51-459e-a12b-4f6b6696730d,Apparel,135,2.2,446cdd6b-a67c-46f0-9cbc-28db7a6ef766
c991d766-6e5e-4895-bf53-87203999855e,Electronics,1403,2.4,349e743b-2bfa-46b6-87b4-b9e9b9a74eb3
45638479-0f8b-40e4-ac61-7eb41291e782,Kitchen,374,4.4,a4cff38c-aee4-4202-97e4-11d002231daf
36daf5c1-c375-4641-b36c-c1018f28238e,Beauty,1196,2.4,68318a1c-1a23-49a3-8f06-a69262139205
cc50cfba-fd40-4183-a712-88d23d6ddf79,Electronics,1994,2.4,2e6c0a82-beca-423f-9eb0-0b2731b1ce7a
c384a360-70ae-4246-9df8-321997726ae8,Apparel,1396,4.4,31ff495c-6e5b-4f5f-87fa-99a77952cc42
84aaceee-aa44-4306-a0d3-83a085152c09,Beauty,449,4.0,e6ddc4c6-5f2a-4f40-b064-0536b4164e27
178aba0b-901d-4c9f-a9b6-e423745a385d,Electronics,1264,4.3,090a56b9-107c-4ee1-81e5-e4caa8e4de58
970c4ae7-b54e-4c15-bca7-23af8d22de82,Home,162,3.6,127ea0e2-9519-4c09-bad1-16ca74e7af1f
2aecce1f-82f3-4cf9-9980-5e13e13ca994,Kitchen,1116,3.7,e0b55ee0-d183-45d5-8c68-42bb52abd2a8
e68646ab-89bd-4b98-9b01-457566d7c823,Apparel,1627,2.0,062aea8b-1861-446b-afa4-2d4ef538cf61
98fc821e-356b-4ee2-88af-6ac38d600680,Electronics,571,2.4,601fdf77-7efa-414b-b31c-a70d1278c948
3fc4517d-c818-4f07-89fe-33e44babe244,Kitchen,1108,2.4,c20a27e2-8a95-4888-b24c-986a3c145a02
8a89cc3b-2e0d-4112-809b-b2de912f4534,Electronics,1384,3.4,324c5727-35b6-497c-82a4-99eba7504e2b
cab5acf2-23da-499e-9835-025f0fabe10b,Home,423,2.4,028524d4-2cf3-4058-8495-78834f77233d
4f566ec5-4140-45f3-829f-d6566528d2c0,Beauty,1969,4.5,d0e6079c-5e1f-4f3d-845a-fbdcc9a4c12c
fe585bc3-99e1-42a3-9931-7b79c55140a9,Kitchen,1360,3.5,2940b6ba-e171-4fa1-8bb6-106b93e878bb
56e980f7-a229-4527-99e6-b3a9e5b2c1fc,Kitchen,1748,2.6,462b8092-059f-4406-8fe0-03eaaf2648fd
4af481c4-8c73-4469-a611-43de17a2d9ef,Apparel,396,3.8,ba42fdea-aac5-47d7-beb8-7982bedc345a
8d88bc67-3db6-4fc9-b32f-a23b5e22d368,Kitchen,785,2.6,36793a90-b26f-403d-b987-069c0b5beea2
f81a9a84-f9c3-4912-9794-25cebdf99145,Apparel,778,4.0,22ce5fa9-a59a-4142-9327-d1aded40cea1
dbb6021f-bcb0-4d11-87dc-8f7324a2db30,Apparel,1546,4.8,3faa2434-d9f9-4332-84de-c103b2d93d53
a0408a4f-22f7-4340-88d1-a230a60b4db4,Electronics,918,2.0,d2d2ad03-ba2d-4a78-809b-dd583921569e
2cbb7c4a-91fd-4b76-b36d-1f69a22f1dae,Apparel,689,3.7,6e7bbd5f-fc71-4a45-9b59-42dc114f9e26
5acae8ea-e6ed-4179-8341-9ea5b702ebe9,Home,636,2.0,9c2c2195-f35f-49b1-8c18-4cad67e92e52
0ca2473d-120f-41d3-8377-7ebd2e720de9,Kitchen,1835,2.9,d7137d56-07e7-43a7-9fc5-7f773983f246
49ea86aa-40d9-4b54-bb45-19c94e287431,Kitchen,1023,4.9,772c571f-8d8c-405a-ae69-191b34d44fb1
6b958841-fd82-4994-9cdd-eef8a0317b42,Electronics,798,2.1,4442ed4c-dedf-4e8a-9e93-5c1a6646fbb8
98ba4de3-8eea-4e41-9534-715fd2c97f8f,Apparel,626,4.6,bf057daf-a8ac-402b-8314-82738e246bb2
6032c0f6-7b0f-4231-90c7-2d0d600cb3be,Electronics,1592,3.8,86e3ec04-a7ed-4667-b7aa-57e0e78b5444
72b99036-3ad7-48a0-aa68-1d2ddf959901,Beauty,903,4.9,2e2bd71a-e2b3-4739-966b-674072a98b84
9daa99aa-37d6-4a32-a07a-aee0b3e2fe17,Home,172,2.3,96908b75-fed2-473f-a5dd-ae38c77da73e
434b470a-3ca1-4fce-b59e-5a16cd2d590a,Kitchen,1384,4.5,a76215a8-4bf8-42cd-b514-21b84a35a9d3
c535cb21-f26b-4663-9dc8-9f09d9163d8e,Home,551,3.5,85c68c5d-2166-43a2-b40b-f61b803b5040
a28b72e6-b6b8-409a-8658-b85d28c71b2c,Electronics,1141,4.8,7f558af0-13e0-4717-8d36-dbe3a814394b
d64c204e-e27a-4379-a076-8a5e217c13a2,Beauty,811,3.3,64ce6ba7-559e-45c6-a5c9-8b121917633e
6fde33d7-713e-4464-8c7a-0e8b60aee541,Electronics,1376,4.5,f0caa86e-8ead-4eaf-a3f8-0adf11bd0f3a
ceb6d4c5-8f02-4e41-8817-4ece52477bff,Home,897,4.0,2fd11734-4a09-4a11-8bf9-4c1b12d425ea
ecc52127-40a1-4181-8fbc-14628e2012da,Beauty,1425,2.4,59cddde4-8657-423c-8a8f-6c423601ab7e
18db08e4-e24c-4a16-ac58-1695ed73ff85,Home,1827,3.8,b298daa0-f537-43a0-91cd-3530e93db74b
1c0f3624-66ef-47fd-90ad-da0fa7d07507,Apparel,300,4.4,40764a69-5461-4071-b117-62be3335836d
855bc8ae-04d7-4a5e-812f-c1358ee68b81,Home,1238,3.1,a9bc9106-ad3c-4c1e-bec5-dd246b4ba843
5ccf54aa-0cde-4821-b264-f4e93db92ba6,Kitchen,1087,4.5,6d92c98d-f3be-4498-baa1-493896fe061b
91e6e066-9948-453f-b1a5-9adfb0da6287,Beauty,1948,4.6,446cdd6b-a67c-46f0-9cbc-28db7a6ef766
c5cc36f3-7ada-4339-90ef-8dee7f97abac,Electronics,1360,2.0,93fea36f-f760-4330-af54-331af2e886cb
5e639930-cb75-4825-89ad-d0427c5e5a70,Apparel,524,3.0,caee6447-8dac-44f1-9bf5-61429bc5e300
00629fb7-eb64-41cf-a4c0-6827690498bf,Kitchen,1854,5.0,c8503595-4c44-4dc6-84cd-105402590f25
24506153-cf0a-410b-99d0-7b1f239d136f,Kitchen,1594,2.7,f7a12346-654e-4f3d-b679-87442ef742be
e51dec5c-c9c0-44be-99b3-0cc8bff7cd8b,Electronics,693,2.9,fc9a0a61-1a12-4c0d-a79e-350b64c43917
079c3842-3b6b-493a-a025-f954280cd009,Apparel,631,3.4,2d316186-5253-442d-b71b-8ba55a16d281
925253ae-eceb-4cd8-9058-e8607a8364df,Apparel,840,2.7,76be1cda-0e57-404c-98be-a98d5ec01bdb
ee711f14-e043-4234-8c36-b68ceb6034f6,Home,1248,2.7,6c1eced5-0caa-4ace-9140-35a37e216c14
d6b055e7-66c7-416f-9fdf-89c7acb6c9c3,Apparel,1606,3.2,3d963000-25f9-4a62-8957-3165bccd03e7
c0080dfc-237a-422f-bd8c-9cfb867614bc,Apparel,1779,3.7,322c9b24-eefa-488a-84d6-946fdcfbfce5
272e621a-cd32-40dc-964d-2717ec3d152b,Home,358,4.0,5799b00a-cb0e-46c5-9d1d-25f758a42bb2
ce80bbea-658c-4c56-b46f-f6c4153fffb7,Beauty,116,4.4,7a284a3f-78d8-48e2-b307-18476a1d8a92
afeddad2-b5bb-48b1-91cb-2b7fd8513807,Electronics,1654,3.6,4f2483a4-e111-4594-b880-e03c37d608a0
deebf694-89f5-4eea-b408-ce634c1916c2,Electronics,1632,4.3,d98ef9f6-4e46-4946-82b1-b85e415a8b79
ec9c03ab-c742-405f-a7b0-53dde091eaa8,Kitchen,878,4.1,a197e7ed-6071-4d0b-9b63-5eb24089689a
92ed5031-13c3-400f-b650-c7c81050e391,Electronics,1924,2.5,fc2b8c3d-5e17-4b45-a60c-a8c86f51945c
4745fa55-f914-4a44-8028-ca15cdcf02dd,Electronics,1458,2.6,52d08f49-2131-4ae5-83c4-ba3dc0bebf87
51529e91-3ac4-403a-bdc2-4435b105746b,Home,1176,4.7,36793a90-b26f-403d-b987-069c0b5beea2
ad371621-e285-4277-824e-03f688a586e5,Electronics,1945,2.0,79c1c724-8b4f-4b9a-834e-8f729e4ce64a
c10115ef-d29c-4dcb-a84e-2d79fef8fbda,Apparel,1179,2.7,cc3a82ae-ba12-4c17-8faf-8fc7e29601d7
6bb3a98d-2afa-453f-8582-c799bd0e1bc7,Kitchen,529,2.1,17cb493a-c3c2-4393-b62b-bbef0cd2fe21
b9a21914-7426-46dc-8821-c91fcfafc456,Electronics,1153,3.0,a0a49a9b-4f22-43e0-bc09-3181bd4ceef9
5fa252e0-4c0a-409d-aabe-808869102c1e,Kitchen,1495,4.8,c51ebbfe-c304-4a30-a7a6-3a39fc7f684c
1f6b2535-41c1-4dff-a3d0-7db0fe68732e,Beauty,1956,3.2,55818ed2-5be5-4e12-8d7c-322ab5f203ef
24b0dd7f-727b-4d5f-9aa8-ced2438755fd,Electronics,137,3.8,772c571f-8d8c-405a-ae69-191b34d44fb1
b2e1dfe6-4542-4d1f-a94d-6ad2d9edc54f,Kitchen,763,4.4,eb0b589f-efff-4099-b7ec-d86d0d77ea9e
539a0f43-fd0d-4377-ad85-032850eff51b,Beauty,650,4.2,291a6ebe-568b-4616-996b-be8d75d8497e
44fb214a-9f0c-4611-b97c-c43c6dfb3f37,Kitchen,1801,3.7,eb4abb77-533e-47c1-88b7-442b0cdae669
1994e290-2144-4ad6-bfc3-af83716a5d91,Home,262,2.7,53291234-8928-4e12-9611-621244050f3c
56ade8fb-f2a3-4c21-b601-ddd6638d2fb8,Home,266,4.8,e5744d9b-cba0-4d17-9308-30f8b062cc03
70abb3e4-aaba-4f6f-96fb-d302039b0841,Kitchen,1500,4.4,00b026b2-7acb-4f84-9fa4-1fd1e2fdefd4
a511401a-0f8a-4ff3-9287-302291ad6538,Electronics,1387,2.5,99334a45-fc64-4dae-a4ce-1146e7ff1a3b
a6299a47-60c6-44d9-96ce-b931bec87084,Electronics,1100,2.8,e6e1810b-c901-46d0-90b5-d3dcf654c165
faaeb7d1-0ce3-429e-8218-596eb6cf1752,Beauty,666,2.3,2e6c0a82-beca-423f-9eb0-0b2731b1ce7a
9035ca1a-4ff6-4e1d-9058-e01089908ae2,Apparel,1545,3.9,3cd4d7b3-d545-4532-b49c-e216b575d045
39eabc4d-de41-46ae-8dbc-c6d5a54bf3de,Electronics,890,4.1,5b697ad9-8896-44d2-bdf4-998cc6971b76
e0a3035f-7c68-4b7a-8ec0-c6e4d61e53b3,Home,977,3.3,caee6447-8dac-44f1-9bf5-61429bc5e300
d68b68b6-34d6-4c00-98c0-6a610ba06637,Apparel,1818,4.2,18011dbf-a70e-4ff3-bac7-ed04991fecc9
ff56104e-5846-4605-ad04-429c6377673b,Electronics,1367,3.5,3f10d2c3-803b-49b1-b9a9-9ab683afc3e5
e73c14bc-569a-4e20-b449-09970215811f,Kitchen,558,2.8,f4d9496f-ca77-4be5-a906-19cb5d460bd6
d19579a2-4110-45e7-9d0a-2741b466a68d,Kitchen,1712,3.0,312db577-012d-4d57-a673-0fbc781e18e0
28454e39-fb7a-43ae-813f-5b7873017134,Kitchen,1694,3.9,10239612-24df-468e-84a7-8a947e3b1d6b
5aee3384-d99d-409d-aff5-712468286e73,Apparel,1352,3.2,de9ca9aa-86d3-4562-b3d5-1a928dc256f5
13e26b26-86b9-40bc-9a73-aa7b32ff2ed2,Electronics,974,2.7,852252be-8099-41e0-9469-de71fb54c21c
4a444236-a744-43d9-bb2b-2e1c4872c795,Apparel,1970,4.4,973ff2f0-6ce3-4b88-8a0b-484bae7d8095
8ff5461e-0de3-4a36-9cbd-5fb4c224e698,Home,818,4.2,94170158-3d15-4537-9b47-51b94dc14f09
c954b73e-848c-47b7-acf7-cce36e8645e2,Home,224,4.5,50932407-2ac9-4a33-ae16-8b26911570c1
d70b6dbb-1565-48a9-ba87-b0dbfc6c8cd7,Home,1814,2.1,08282dab-2f80-4b99-9fce-b43e947e0dcc
5003f645-e54a-4fca-ab1f-c4ff3625b088,Kitchen,1278,3.4,651bf6c5-99df-455f-bc2e-5ac08ac5e1cd
a073a29c-edaf-472c-9e55-4a431a629b0e,Home,453,4.8,dcaee25e-8891-419a-87de-11c368df868a
cbf5817b-a223-43d3-b063-a93c31f1be44,Home,1173,2.8,66e94faf-0b43-4040-8083-6bbf07b9e01a
88ead64d-1215-4e7c-ba3a-00004c40b886,Home,725,4.3,3dbdf1aa-b446-420a-b5f4-f815ee4fe109
cccab6f5-b150-42f7-89f2-9ab6149a6b05,Home,1082,3.1,5cff0afa-410b-44dd-b653-e2490d7f167f
9ba479fe-4cd1-4e99-b46b-6f7f7dcea4ce,Apparel,1262,3.9,312db577-012d-4d57-a673-0fbc781e18e0
2ec69ba2-b0d3-4b7e-b073-9ee4a1759f5b,Kitchen,992,4.0,eba81e5a-76cc-4e91-93ec-b01aba6dccdb
06817f53-c734-4a13-80af-def58ad8e602,Apparel,1747,3.9,e1e773f3-48b2-4b68-90c6-0795c4b9df43
d744e231-6692-435f-9af2-8257bdd3d7f8,Apparel,662,2.0,addf7f0a-d5e0-49a1-b545-6ed97484e726
94340246-4410-4abf-8704-3b9cadf73d45,Home,1963,2.9,d6c1b78a-bd3f-45c5-9ec6-10d0671d02c0
52ae0e84-6535-4229-b364-fd863fdca16c,Apparel,1817,4.6,2b86e648-f631-4ca9-bb18-ae3cb5e8a2ce
884e4edb-a4cf-4740-979a-968e56e11cd0,Home,998,4.2,aead0e05-7b71-490c-b079-ceb3a366d967
866d1850-2bda-4297-8b8b-f5b7a71dd073,Electronics,917,3.2,985827f7-d1e8-49e8-a9d9-416052dcfca4
d9dafa5f-fe82-4133-b36b-bf895b715578,Beauty,313,4.8,ffd85567-f06e-44ff-ac35-782552a42dad
ff9100d4-35fb-4da3-a797-797a928eb0fd,Kitchen,658,3.3,c8cd3bd2-1a40-4f23-b570-8cac016caf44
2bdf5c08-821e-443b-a8e4-ac1c8583f345,Kitchen,601,3.8,ad5ece66-3c91-4537-9e4c-6f6dca1caf51
ad5416f7-1cf3-4599-bc96-22238d4533ff,Beauty,183,3.8,0acfc6ba-9ad3-4167-8c3d-991091daf532
f806679e-3b97-4947-bb95-0984d9355def,Beauty,1852,2.8,985827f7-d1e8-49e8-a9d9-416052dcfca4
566d8353-9040-4f23-87eb-4672e8fe2aca,Beauty,1396,4.1,55818ed2-5be5-4e12-8d7c-322ab5f203ef
c5a84c7f-45f8-4f94-81d1-38683804c5c7,Home,198,3.9,7fb2c3a5-3107-4e4b-a1f6-c496ccbc4f09
268dcfc2-3ea5-4886-879f-47fbe6c8b958,Home,909,4.8,69352532-9aad-41df-8b35-f5872d16dd20
93913286-42d4-473b-9990-9fbd3c175893,Kitchen,1378,3.7,6848c7c8-ecae-4409-8987-e0b62e12421a
9608704c-0c7c-4a53-b8fe-fb83be8978f7,Electronics,1514,2.5,de9ca9aa-86d3-4562-b3d5-1a928dc256f5
0b918fcd-437b-4c1e-af88-d1f17135a7fc,Kitchen,937,3.3,e12d2c59-a889-4b9d-a8bc-cb412ae23dac
8e46f9d1-a67e-4ef1-a246-3bcc975d609e,Home,1744,3.5,e1798236-d91a-4e37-97cc-ea6a6165c5e7
ae0adb4d-6aca-4a81-8b80-59acd50d00d1,Apparel,449,4.9,909d8a9d-1ac8-4c4b-87e2-e47a134eeb0b
2498c126-aeb5-4ad9-ac78-4724913e683b,Kitchen,757,4.2,32bee2ee-9430-4560-8c53-d16507ab23bb
f95a8fc2-37a1-4c80-b288-b82751507540,Home,1240,2.7,105ff227-7a24-403e-9c08-77f01a843bed
729ee41b-01d1-49e7-a8ad-eacd8e757515,Beauty,1029,3.0,4148f75e-a6bf-4988-9140-17eac9a167ac
558be2bf-3d7f-4257-bc6b-6ba04525c349,Electronics,384,2.3,29be4679-45cb-485d-85e5-c5da8d082a2e
630be2c5-fec0-4c86-9278-ba3414fc4434,Beauty,473,3.3,6c95c40c-9ecd-4087-89bc-fc6f758cd8a3
c16496bc-a093-40c4-80bb-ba48d75b17f1,Electronics,859,3.2,87174aa2-eea8-4f25-9d3d-f5caacb6f3b6
a0903e0b-de22-4587-a5f1-f4bf89d28567,Electronics,646,2.9,50932407-2ac9-4a33-ae16-8b26911570c1
f17c0134-c8b9-4d69-b201-cacbe27e47a2,Apparel,1013,3.7,163a8196-123d-4cd4-a4b6-e0f19c0e16ec
ef1d4197-c4c0-4305-8636-30f175fbaf60,Apparel,1802,3.4,a8967432-5fa9-4809-8000-4e828ca65832
fcf4f1b7-663f-4ba7-974e-223b3354a77a,Apparel,1464,4.3,2d316186-5253-442d-b71b-8ba55a16d281
70d30c5c-43cf-4165-91d0-88d22df6f5a5,Electronics,304,3.8,8fcd50a7-3b98-4775-8ca6-b5eedd9d6dd1
e2b47de1-54d9-4654-b434-bb7371b74735,Beauty,1089,3.1,a366b492-20ff-4006-95b3-8a3b6d3fe828
3b7f782a-942d-4d19-8000-70bd48bc9f45,Home,1272,4.0,6d92c98d-f3be-4498-baa1-493896fe061b
5bf5b405-3f5c-458e-83e6-8b5856941f97,Kitchen,296,4.4,f8bd41e1-10ca-47ed-b461-7994ee25192d
82f95653-0ebd-476c-ab14-1c7ecf55bd98,Home,794,2.6,363ec6db-5da8-491a-b9cb-27286dc95b96
2b115c2c-df30-4147-83a1-65a875d49fcf,Beauty,1979,2.8,66e94faf-0b43-4040-8083-6bbf07b9e01a
10dfc2bf-142e-429e-a82b-9942cb53fcd3,Home,1164,4.3,caee6447-8dac-44f1-9bf5-61429bc5e300
fa8b891c-2536-420e-afeb-51c44c69fe19,Home,1159,4.3,681b89c5-4627-42f5-8984-d07fa329d859
c06c19fb-0ed6-4028-9e5e-47f337232284,Electronics,1074,2.8,8a4d20fa-ee46-47db-b671-9335d747e3a1
8d4db07e-5d82-438c-b8d8-8bf1fa3da123,Beauty,817,3.1,4148f75e-a6bf-4988-9140-17eac9a167ac
bdc8fb91-d548-4a22-a99b-688fc052ad1f,Electronics,1938,2.1,927e352a-5ab7-4188-94f8-52d0d305674d
53719339-75ab-4ce1-b7f9-21d67397f2d1,Kitchen,767,2.9,de688fe9-dee2-4ae6-aa31-e712d7022060
421b986e-627c-425b-a8c1-cf5751ff8693,Kitchen,1428,4.4,7baa655c-f543-481d-9122-41b64be71b02
1b4fab93-0ebf-4da5-8230-72a68e32960e,Kitchen,555,5.0,d64247f5-cc94-4b4c-805a-d85491fa5b33
7efceb3c-8701-470b-9ed8-00899b593cb1,Electronics,1064,4.0,6e7720ed-a52a-4d97-b119-bf29f3e074a1
737287d8-c9ae-4a68-bbda-ef565cbe812b,Kitchen,1860,3.2,2d316186-5253-442d-b71b-8ba55a16d281
483e6df3-8d3b-4543-a7b8-5036511866a9,Home,388,4.2,d0513ec0-0af4-44aa-84cb-34c77831ee1e
5557e01c-76dd-4cfd-ae34-e7575d6f553c,Electronics,644,4.3,927f7072-5f59-4c32-bfaf-f44da1cdbf87
c123b646-cc94-4c8f-ba53-ba30802fd2e6,Apparel,1097,3.2,36145ca4-7c98-41b7-ae31-d00ca4ffd437
231f5f72-07f5-41d4-8e42-f56b3093576b,Home,711,4.6,f9463caf-3999-41c3-99ef-fd7c4e9b8ed0
b55f2be7-4f5c-494e-ae20-96edffff40c4,Home,837,3.8,15aa3952-f255-4b99-811f-60e2f1f4383e
101c6f54-7e62-4cf8-96c9-56d75b8e25f1,Apparel,204,4.0,065bbb89-48dd-4a37-b8b1-6e880fa2a75b
a850f134-f1b9-43ce-b49d-6f9f49fae400,Apparel,782,3.9,a3318474-dc72-457e-af80-5863afaf17fb
3ede9f2d-121b-4baa-aa1a-200792440899,Beauty,1858,2.7,d0390ffb-0966-4f98-a4fc-f381c593c70c
22e99e62-5a43-44a9-bfab-adb6200eb2f0,Electronics,638,2.7,65a4a182-d125-45df-a7da-eb35bc4e6a59
bc82a78f-87b3-4948-acf3-655a4c412389,Kitchen,1521,3.6,3c720657-4924-48a8-8048-6ea11f68e748
ce872580-4552-44e9-9045-050dd35303d3,Home,821,4.8,dd11aa77-ea9e-4629-85ee-0e5413a3eca1
5bd6a0b7-0817-40c8-9a1b-6053b62b2dd1,Electronics,789,3.2,03dd629f-7cc7-4466-8a01-005b0d082de9
1d925752-8c5f-448a-835d-c9970ed66785,Home,801,2.8,228da4e5-677b-459f-9a63-6f9c59038868
ea97cb05-74b5-4f7a-90f1-eec7bd8cc369,Beauty,732,2.3,9b8da1cf-202f-4e6d-905b-5cf4feb876a9
2e2b5b57-3422-45b8-a466-db3b4c716899,Kitchen,1893,3.9,dd11aa77-ea9e-4629-85ee-0e5413a3eca1
5c925d3b-9cc8-43c1-83d5-a04cd084bbe4,Home,1368,4.0,7808c850-5c2d-452e-a748-09cedc2c2374
84ef86c0-5342-4435-8a39-eed706037d0b,Home,1862,2.4,25e917aa-ce14-487c-8a2a-0adea6b2663f
1505a0ad-2cf4-41a9-ab6d-250e840565a3,Kitchen,815,3.7,d98ef9f6-4e46-4946-82b1-b85e415a8b79
9a72fca7-aa3e-4e3f-98f1-b88bde8d116b,Electronics,1709,4.9,062aea8b-1861-446b-afa4-2d4ef538cf61
91a69671-e4d8-49dc-96cd-6e27b11ac5f2,Beauty,1629,3.8,f470de6f-7aaf-4093-bb7f-e27da13a7329
8aace14c-f830-4d63-92a7-0ad063a95f44,Beauty,841,4.8,0806249c-5fa2-46a5-b2a4-c57fc48a31a4
40bb89a0-7fe4-41e1-8b6b-3c6e6dfd6de3,Beauty,924,2.1,2456c9b1-0c3c-4d71-963d-287773bcce6c
f5c0c941-f0d8-45ef-900e-4553beb45dd0,Electronics,1683,4.7,cfc87f0c-6b00-4979-b567-e939c67f19e1
ca14d5fb-84ea-427c-8459-27a7b32ce1d8,Apparel,1690,2.6,ebce3dd7-8a5d-48fd-8472-71a5041d5755
02905b67-98fa-4fd4-b0cc-bf883e4f4fbf,Home,537,4.2,568b68cc-4c33-4752-be8e-fc6183cd7ffd
6071be3f-f2ac-4724-ba84-bbded8c2bf4c,Kitchen,1009,2.0,927e352a-5ab7-4188-94f8-52d0d305674d
8d18f1a1-a0fc-4817-8e1b-df19a0ecd4d9,Beauty,308,2.8,257f6bd5-f502-4df1-8d23-93cf3fc80210
558c3c8d-8893-4b5e-941e-b97b4947a064,Electronics,1010,3.9,2b758054-ea0d-4cd4-a76f-3de7ff7ba854
dd655795-311b-4c2b-8286-952aca37e01f,Kitchen,1594,4.9,f6ac1c91-0ae8-4b65-a299-86266929df00
27cac9bf-9904-4561-9e54-048ab6c1b5a6,Electronics,1101,4.2,5ff74f60-85ef-40d1-b853-8a56bee46948
3802d50f-1638-4f21-8431-8a457084a6ee,Home,695,2.4,dbf5e57b-b844-4ef8-b8d0-a7aed51c8aae
cb383d9e-5d37-41c3-89af-2e09ded49bba,Kitchen,1271,3.0,ffe0c674-853d-44a4-a76c-fb9effac411a
d930f790-6db5-49bf-b1cd-5f7c95acd41d,Electronics,1559,2.7,720cc0db-2686-457f-afe1-c9cfa8cda10c
a0613a29-a0f6-454e-afda-f30f4e0aee96,Kitchen,863,4.1,502d9e01-244d-4f90-9464-9d5149959ec2
0e2c9aaf-a051-4be6-8cae-d29cd043e3df,Apparel,351,3.4,55022cfc-78d9-4375-a7d0-2539340aaf8b
388ec6d3-2e88-40a6-8efa-851f976032ef,Electronics,1788,3.2,927e352a-5ab7-4188-94f8-52d0d305674d
0b7d25c9-a03a-4ffe-9796-3344aa612165,Apparel,1042,3.0,3f922ed9-4036-4ddb-a00b-dc15989e33cd
f12f7c44-6373-4f4a-b530-bcd7878f4b75,Apparel,1449,4.5,08282dab-2f80-4b99-9fce-b43e947e0dcc
2f9bae12-0f59-414b-bf99-14ba479fe18d,Apparel,997,4.2,1a9db4fa-7db5-4b47-8a09-fd9b5b1748e3
1f90c142-b443-45f3-8c72-8e235831207f,Beauty,1042,3.7,ebbf4779-5bd2-4c6e-998e-1befbcac387e
d5d94b41-17f8-4cfe-abc4-c54a14d04388,Kitchen,1276,2.1,3e2fc5e3-18d2-49ea-b26e-012801752417
972ee9e3-aee0-405b-833e-e2e479f9a773,Beauty,1535,3.8,b4ebaff8-0252-4e85-a5ae-a61eba8d04f9
f12bdc58-019d-489a-afc6-f17f661f443a,Electronics,740,2.9,0806249c-5fa2-46a5-b2a4-c57fc48a31a4
bd853946-200c-48ca-b9fc-5f256e4431c6,Beauty,1951,4.1,065bbb89-48dd-4a37-b8b1-6e880fa2a75b
c90419fc-facf-4338-a8f0-47f07b851fae,Kitchen,1284,4.4,fc8bf647-a854-4abe-a8b4-3e63d51f80a0
f369c1b9-1774-4d38-a063-b4e1dcf33a39,Electronics,1678,4.4,1d6b4bf2-f28d-4c7d-9b5e-cb84ad0c3d8f
c480a362-1efa-4d47-8661-aeaa12347057,Beauty,1011,3.2,f7c7072a-967c-4714-98b1-ea801f2eae34
bea984f2-582a-4046-981a-638b69297859,Kitchen,505,4.4,d8a597c9-00fe-4721-8261-d67f06872f6b
4915c91b-e423-4f61-92e1-402fb2f6d11e,Home,853,4.6,6a3da276-7aa3-47c9-9140-71b7d52dae36
94f7fe89-cc0a-46ed-813e-7c72e9113e05,Kitchen,1540,3.6,f4d9496f-ca77-4be5-a906-19cb5d460bd6
6ed6579d-2836-4706-9c93-10bfcdd24def,Apparel,1101,2.2,2940b6ba-e171-4fa1-8bb6-106b93e878bb
5eefc0ac-9eaf-4571-9dbf-b9c8a7e9468b,Home,1193,3.6,7c598eb8-425a-4b2d-9f59-8f87dde659c9
8ca160ca-094c-4a8a-8a70-ffc8e02e4832,Apparel,537,2.7,062aea8b-1861-446b-afa4-2d4ef538cf61
dc2e881a-c020-4b94-9e8f-1c43c40434d2,Apparel,1642,2.6,09e28d9e-57ea-4d07-b268-d7bd89f9a604
641d337b-48a5-41ef-84c0-1219bdb3a00a,Apparel,657,2.6,f8bd41e1-10ca-47ed-b461-7994ee25192d
f05e3554-17c8-4060-8c96-28348181c460,Beauty,1965,4.6,44466681-19ce-4a50-93fe-058677d8b674
d7355bad-9a90-44ae-81e7-dcae5a8f80d1,Beauty,1400,2.9,f0e052ac-3d25-4ad3-8c47-8e659f5be1c7
e0e87453-d0f2-4c59-a30f-55e9b0059411,Home,985,3.2,a14c3bba-9cc0-4129-b275-0b2fb8cee716
fbb9b43e-635b-47a9-a954-7fb7df71b64b,Home,742,3.4,8426be7c-0204-477d-8d75-fc79eb47f194
dd0da5eb-1052-4228-86a1-eaf29ac4358a,Electronics,947,3.3,12cc3653-3dae-4903-9d23-8ab4ad3df15a
a3f6e4f8-3a76-429c-9932-59b17d472c61,Apparel,1522,2.8,bb242e92-88eb-4dff-bce8-30ccce787d57
1bd454e7-8cd3-4491-a759-4278e0765a95,Apparel,501,4.1,87c7c608-499a-492e-9122-f2991af9fae4
9c888656-6462-41f5-b735-17f4d168408b,Apparel,1460,2.2,4e45aa4f-30f1-41f4-ba99-d5defa349808
dd1e2fd3-1b18-41bf-8091-03a1d41667b6,Home,1747,3.1,cfc87f0c-6b00-4979-b567-e939c67f19e1
ccf4a511-dce9-400d-b42e-a235426e7db8,Beauty,1827,3.1,286e9151-6d5a-4400-8e0a-778ad2718040
55d930bb-6a02-493c-bb63-18ba25063a26,Home,898,4.5,22ce5fa9-a59a-4142-9327-d1aded40cea1
43d42a8e-0623-4c38-9c9e-42f5f4b3408e,Home,1840,3.0,8994f82d-45e2-4c04-90f9-7f13fa1b7aa3
93660af8-9474-474f-8dfc-11c0d78b8b73,Beauty,585,4.7,6bcd3e84-de46-433f-9010-2c96f77074e0
d2473c47-a8e5-46e0-88ff-6238924886a3,Electronics,641,4.1,601fdf77-7efa-414b-b31c-a70d1278c948
3a6c2ecf-3cd4-4489-9461-3f246adbe2b4,Apparel,389,4.7,30c9d7d5-b640-4bea-92f4-22bdaa6ed668
2f83b8c9-dcc1-47ac-8ccf-77eb18695683,Electronics,899,3.3,f8b5c477-8064-40e2-83ef-004b87eb73a9
5d996d28-fc78-47ab-af33-2c375bc5e932,Apparel,281,4.4,a14c3bba-9cc0-4129-b275-0b2fb8cee716
0ceb0cfc-ade1-47a9-9e18-f2bf2533c172,Home,501,4.4,ebce3dd7-8a5d-48fd-8472-71a5041d5755
cbf4a49c-8d6e-46ea-9981-6f11201c9e12,Apparel,640,3.9,ebce3dd7-8a5d-48fd-8472-71a5041d5755
83ed30f3-1f88-4a17-bf4d-432168232f6d,Kitchen,1875,2.5,923a2dd2-78da-4b3d-9815-862956d6efc8
15ff647e-6ea4-4511-bee9-c73754972b41,Apparel,1990,2.3,a4b1ffad-1e74-4b17-ab7b-db3a3f68e7fe
0b87b71c-62e1-4221-a5c1-9e0b4fbfc14e,Electronics,1262,4.4,784fa9eb-6dc8-43d0-b04b-b31fc22e2e7f
e0cd3030-ca1c-43e4-b61a-5c5a05e62171,Kitchen,1758,3.9,5519bc5d-2988-481b-ba17-92b4a70b73b9
df389ecd-8534-46d2-90ac-516140961bb8,Beauty,1652,4.3,42753e57-1c94-499c-8ae7-c85d7b8a99df
9580cd1b-65ce-41eb-a836-fddff071f28f,Kitchen,1388,3.9,923a2dd2-78da-4b3d-9815-862956d6efc8
70f74917-66af-4eb0-bc6d-7f8613fda018,Kitchen,1533,2.6,aead0e05-7b71-490c-b079-ceb3a366d967
97e0e0cf-253f-4010-a22f-883423c57ff9,Kitchen,673,2.9,082c9e51-2a7a-454e-9ed1-ab7b270dc332
b42d3aa9-9ebe-4ea5-b26c-e120d4132e91,Apparel,1166,2.3,8426be7c-0204-477d-8d75-fc79eb47f194
38a02097-9586-4999-8653-9632a7536fe8,Electronics,1463,4.6,d3ed7e40-0dee-4c02-9ecf-922f73ce9351
e6488685-f080-40a3-b2df-bc78baff345a,Kitchen,274,2.6,67fddd82-34a3-4422-a537-1f40c4003c08
18ed5eab-f5c5-41da-80ad-ca677171052d,Beauty,484,3.5,927e352a-5ab7-4188-94f8-52d0d305674d
d22b96eb-e10d-4706-be9d-41cda4127f65,Kitchen,395,2.2,b26e46cd-b505-4e61-95d4-3242b166ce5a
0f8f8b0c-791e-476e-aaf1-5320f850cdf1,Electronics,305,4.1,3d963000-25f9-4a62-8957-3165bccd03e7
b9d1cb1d-563e-45ba-8ad4-740e8cb16ecc,Beauty,1815,4.9,6eb44a02-399c-457e-b962-cd24c7364dbd
4bc6ba94-eb9a-4d61-8d9c-d44fbf49bb33,Electronics,716,4.3,a0a49a9b-4f22-43e0-bc09-3181bd4ceef9
d3cfc511-2d7b-461c-b078-86662acb3528,Kitchen,1865,3.5,216317d4-065c-4803-9591-7a6eb09c67ad
ae61b70b-93ea-47a1-b455-6eccbc03ba65,Kitchen,882,4.0,44466681-19ce-4a50-93fe-058677d8b674
a984c8c4-31fc-4544-99a1-d0408a5429b5,Apparel,252,2.8,406c3615-1175-40b7-ac76-febb791843e4
5041df51-d458-4b54-a95c-3c60a35f2c04,Home,506,2.7,b25b0711-b360-4482-a4b4-422377141a9c
1c34a4dd-812a-4067-b72a-63fc39e900f4,Apparel,1941,2.3,45dadb69-3c2d-41c2-b257-c43bda7ae559
6602f287-486d-4740-b554-b2a6aa2b01a5,Beauty,446,3.6,64ce6ba7-559e-45c6-a5c9-8b121917633e
3d844784-c05a-4951-bb00-40444d4a1941,Beauty,123,2.6,93fea36f-f760-4330-af54-331af2e886cb
a89ac006-5116-4e45-89f7-1314a324cf16,Beauty,1899,4.3,67fddd82-34a3-4422-a537-1f40c4003c08
f3363667-5138-4917-86eb-59e53d2bada1,Kitchen,1059,4.7,028524d4-2cf3-4058-8495-78834f77233d
297081ba-9605-47bd-8b83-97ebd080240e,Electronics,121,5.0,3aeda1ab-5def-4be8-954d-0a7fbbcd7e92
03a9e029-68d6-4db2-9b0a-378631760521,Beauty,991,2.3,3e2fc5e3-18d2-49ea-b26e-012801752417
53d9140b-665b-459e-8630-a115cdaec970,Home,1688,3.4,776e7974-99fd-413f-976b-0f41a1b35dc1
f85b286e-045a-4bfd-a56d-b3397830639d,Electronics,864,2.0,7140e0fc-fda1-4a46-94eb-738dddea19c1
cb77e6fd-444d-48cb-b1b2-0da855d4d768,Beauty,1511,4.5,53291234-8928-4e12-9611-621244050f3c
71f7e1c6-5e8a-470d-801b-225282fac809,Beauty,479,4.9,723666af-8e8b-49ee-ab69-4709f3599b3a
3ee4fb8a-84dc-4b94-9737-6733d939a31e,Home,185,2.8,693531b0-2929-4804-be1c-6b0e8cc62e00
f765be4d-3d84-4c23-ad07-68bd685a01c6,Electronics,908,3.7,567e4385-f330-4c8f-8af3-19af3c0c505f
f4221b9e-6406-47d8-984f-2feb32b01051,Kitchen,310,3.5,286e9151-6d5a-4400-8e0a-778ad2718040
befcd1b8-3838-4f41-af27-4365843dd144,Electronics,555,2.1,52d08f49-2131-4ae5-83c4-ba3dc0bebf87
e72f3cf4-33c1-4958-831c-dd5dfa85c08a,Home,892,4.5,568b68cc-4c33-4752-be8e-fc6183cd7ffd
75f7c459-9331-4145-9ec3-49ded2b1a5e3,Kitchen,1729,3.2,f0e052ac-3d25-4ad3-8c47-8e659f5be1c7
c6d633b3-1446-4d92-9d6d-678c335ebdaa,Beauty,1056,2.9,fc9a0a61-1a12-4c0d-a79e-350b64c43917
9cd37b35-8a01-4e34-87b1-504595c131e7,Electronics,270,3.2,e5744d9b-cba0-4d17-9308-30f8b062cc03
b3ab2507-307e-4f6a-935c-11ac9f36a832,Home,1347,4.0,7b990ed6-f0b6-4067-9235-3c6cea235277
a259a6c8-316e-4256-855b-ffd8bfc3d1f0,Kitchen,1730,4.4,23c4f2e4-1d25-4b0e-bba3-56c13ae51e6a
d52a3e09-2d11-46fa-8447-d37b66dc4062,Electronics,1573,4.1,d8a597c9-00fe-4721-8261-d67f06872f6b
4f3241f6-2315-4477-be41-fd7c3a336b85,Apparel,569,2.9,681b89c5-4627-42f5-8984-d07fa329d859
ed37c39b-946b-4e3c-9e9b-65bc096838cd,Apparel,1544,4.9,e8b685bf-70c8-491c-986c-89137eafe531
fd34c62f-e36b-495c-82ed-cde8f22eee8a,Apparel,352,3.7,e1798236-d91a-4e37-97cc-ea6a6165c5e7
41f17768-02f0-43c2-9f8f-f6abdaff33f1,Kitchen,1244,3.7,103e25b9-aae7-4019-a606-2edde4893da4
668d7f5b-5cc7-4065-bb47-e82ccd359f18,Beauty,1215,2.4,e6ad6af3-b228-443c-8609-9b94bdf6db0e
9ce39266-f6b6-4455-80c3-f875e8d23f3a,Beauty,122,3.4,8b58db27-9c00-4a8a-9f45-feb3fad52b6a
df6292f9-6857-4a2e-8d69-80e8c0ff360e,Apparel,780,4.8,c5af7fc3-3409-4c80-9903-3716cd16c533
f98293bb-f578-444e-91c0-5acb6ad5b750,Electronics,609,3.9,526cb160-2615-4013-8366-f51b9211f147
05a61a2e-2de9-4b4f-b531-e8fae0fc20df,Home,1699,4.6,f2f3d5f3-3130-451e-82e2-ddc924dd08f9
685e18a5-a7d5-47c0-b1d3-026a27d5cd45,Home,922,4.4,2182f5c2-9975-433e-ae12-261bba177ad3
ff392e35-6be7-4f8d-9254-aa6726bb6465,Home,331,3.3,887d0e06-ac44-4b53-bcf5-a293b855b0b9
d70763c0-00d2-4a10-ae5e-9db3c0c6ae27,Apparel,1227,4.1,4e45aa4f-30f1-41f4-ba99-d5defa349808
2e2e158c-b063-4abe-8d35-6bcc35d7a452,Kitchen,1723,2.8,39945eec-a6cf-4fc9-b793-bca2295b9f6d
0feea8cb-8c75-4828-bcf0-b94e6676b6f1,Home,1871,4.5,71ec90ea-5659-4399-9fc0-572705461fbd
fced6ffa-0ac6-4d77-8fa8-d1e44253fa4d,Home,507,4.3,92bcaa5c-57f9-449d-9fec-2600c86c0791
32481dc7-c001-4f87-9a74-e5f88b70a75e,Electronics,572,4.3,393ab0bf-358e-43f3-8b59-b4afc480a0a5
c6ee8a28-8524-4be7-89bf-815856a7a71b,Kitchen,493,4.0,8dc41263-0d3d-4823-b3bb-50c565b51330
6ca198d3-ffbe-47a6-98fc-80b4c2ea144c,Apparel,108,3.2,47b05fa6-11ca-4d4e-9035-078f38703739
00c6afd6-8fa9-4d71-b309-151f8d3549e9,Home,1913,4.4,32bee2ee-9430-4560-8c53-d16507ab23bb
1e361e2f-7bce-4208-82c8-3f5f40374ab3,Apparel,1083,2.9,93d8811a-0b25-40d8-b43f-035769354e27
0760fdb0-4455-4bae-aac9-0e7bbd86ec03,Kitchen,872,3.7,8426be7c-0204-477d-8d75-fc79eb47f194
ec929b85-1c55-4f63-8d47-33b98be250eb,Kitchen,350,2.1,69ff260d-ad27-4eae-92b3-25e52726a30b
2679284f-1dc6-4e58-88f3-ae8359a9d7ad,Apparel,723,2.1,257f6bd5-f502-4df1-8d23-93cf3fc80210
8ad173e1-ebad-4bad-9939-1876fca2ba29,Apparel,408,4.7,cc3a82ae-ba12-4c17-8faf-8fc7e29601d7
1c40dcac-3f94-4b13-8860-67016b31319b,Home,277,3.7,92bcaa5c-57f9-449d-9fec-2600c86c0791
ba621609-f8a7-4ed6-a41f-f1b026f62b3a,Electronics,1400,3.7,8cdc2c7d-c7a1-42df-a8d3-0a7ad5efc7a8
3ad880eb-29d8-4071-a880-6f856dd1c7cd,Electronics,1284,2.0,eb0b589f-efff-4099-b7ec-d86d0d77ea9e
bd2fa5bf-8cb0-4351-811f-c74df064ed9b,Kitchen,1754,4.3,71ec90ea-5659-4399-9fc0-572705461fbd
8d2a6c10-2d35-4d1f-9bf5-0caee1d0b76a,Beauty,304,3.5,b189fc54-0569-41e3-9b52-fdb6d7560440
15e56447-78c9-4055-9094-e362c4691180,Apparel,1855,3.5,e1b190a1-0b42-4aa7-925f-e21dfea9a48f
e5f0e343-dbcc-444e-8018-3cafb06fc027,Home,166,3.0,57f02c9b-abc2-4a0e-901c-cbecb8108a29
294ed954-b1ef-477f-9604-6220cd87a274,Beauty,1958,2.2,870e8911-aee9-452d-bcf8-5479747379c8
26f74323-3723-4e76-973b-8113cdc70ee8,Kitchen,250,2.4,0e2b409b-fd11-4dd9-b7da-dc0646cc24bf
995643cb-bccc-4edb-8cf4-b9922322caa6,Beauty,109,3.0,bb242e92-88eb-4dff-bce8-30ccce787d57
79f0162f-d16f-46f7-b4e8-34145e4a6cff,Beauty,618,3.6,85543da7-fb9e-4db2-bafc-f36682f55705
819c56c5-9428-48b2-95c3-05ff01f6a60c,Electronics,1309,3.0,d551634a-f193-4359-aa4e-3e3e65dd34c2
f09c33c6-fef6-4e6d-a7dd-80a50cb4c747,Beauty,888,3.7,9517dee3-f494-4ed3-a1b9-bb0511440c77
accba546-5cd9-4b90-81d4-8f754d8a43cb,Electronics,1028,4.3,502d9e01-244d-4f90-9464-9d5149959ec2
2002b130-90a9-40f1-9cf5-59f2c10db9f9,Beauty,1051,4.6,0acfc6ba-9ad3-4167-8c3d-991091daf532
a516eb92-87ae-433b-bf36-456f6353ee20,Apparel,119,3.2,6fa49d17-18dc-4c5c-9bb2-4421e39f2f63
6ea9fe67-60d5-44bc-aa1d-6a8c6dbd4df6,Kitchen,764,4.8,568b68cc-4c33-4752-be8e-fc6183cd7ffd
d6c6be4b-ee58-4cd5-8105-8308fcca4954,Electronics,1736,4.1,d9c8c78b-98b4-4c2b-8b9b-735f4ebd5d11
80a5dae2-3a8e-44c1-883d-b09b419895ef,Home,1825,2.2,b43cb026-fd37-4a1d-9db7-3c0593d779bc
4d660f87-e084-4f7a-af8f-9e9b707647a9,Beauty,1657,2.7,7a91b23f-f90c-4a50-a491-f268cd5d3757
2498fc0a-13e4-4060-9310-56b8dd0d34de,Home,462,2.8,57742903-0c73-4fd6-acbf-a53e3527c21b
fe65aa3c-cf9a-4d55-95be-054a1975c88b,Beauty,1632,4.5,4b40f7aa-fd73-47fc-8d2b-4e7951f32222
999a3fce-f502-431a-9bd9-7aba4eb5015f,Beauty,782,4.7,723666af-8e8b-49ee-ab69-4709f3599b3a
e857a440-649b-4d95-b757-845ff9c0d81e,Kitchen,1878,3.0,31de31e9-67c1-463b-a7cf-d11fb69f3f9e
c624c528-fa77-4a8f-80e1-c1a7173ee073,Apparel,718,3.6,17cb493a-c3c2-4393-b62b-bbef0cd2fe21
e1d91705-3bf9-404a-9f26-41eebbbeb88c,Electronics,1858,2.1,53677aa0-c7b0-4311-8c13-729debef8a8b
a25980ab-1e82-45b1-b2dc-9f7e040a3b05,Beauty,1585,4.4,80a7bce8-5ff2-47d0-8573-ce84c4d17340
74d9e040-8367-4295-ad4e-475101fe67b2,Apparel,1208,2.3,062aea8b-1861-446b-afa4-2d4ef538cf61
79a55d10-7380-4625-b781-eeed702fe579,Beauty,140,4.6,990e24de-4cb1-4896-b6e0-07f283547329
daf3e0bd-5d9a-4d64-9720-27ba311dba17,Kitchen,432,3.5,cf5b5859-c099-43db-8907-dc24dc537a9b
62ceb05f-dbc0-443d-8bab-d8ddad60c0fe,Electronics,1696,4.5,ad5ece66-3c91-4537-9e4c-6f6dca1caf51
a0ca7986-77d3-491d-b466-07307ab8942d,Kitchen,1774,3.7,97612960-09e4-4cc1-8a9d-54bdc7cf922b
d80b122d-935a-428c-a6ef-2ab7c43d3ce8,Kitchen,1744,3.4,41c2d5e6-fc49-48bf-9df3-ba687a0ec631
1110aa8c-860e-46aa-9375-eeb777d732cb,Apparel,315,2.3,01ec18ad-52f4-47db-a64d-45457f705c6f
dbe3a1ce-7d4c-4fa0-8c7a-1cf407203382,Electronics,1068,3.2,c6d3eff9-ffe4-437a-8ccd-8b59b13238ac
0e9d7169-fc03-42bf-879d-b884378923b9,Beauty,841,2.9,bb2a0d36-d44a-48c9-a1cf-da68b8d5ab92
58348c0a-f3b3-42d2-8040-25b9d332f82f,Kitchen,956,3.0,a197e7ed-6071-4d0b-9b63-5eb24089689a
49ba00a8-6916-45ac-814d-a237aabbfc83,Electronics,1257,4.4,7808c850-5c2d-452e-a748-09cedc2c2374
4f97d2e7-2fc1-4a1e-9d6f-3e6cb8f11188,Home,893,4.0,7baa655c-f543-481d-9122-41b64be71b02
00992688-5623-48ab-b299-c7b45348956a,Kitchen,1138,3.0,33bc9d60-cd3a-4a03-9c37-a04f056b98eb
61bc277d-d123-4a39-af22-33c230ad134c,Apparel,1652,2.6,39945eec-a6cf-4fc9-b793-bca2295b9f6d
acb1ef94-ff11-4fe5-acc6-40c177f8087d,Electronics,1139,2.8,e15f04c8-b63a-44df-bdc7-3459493072d0
0d31e13b-87a5-45aa-8979-3afb1399d796,Beauty,1182,4.6,a2db00fa-0c99-49c1-a260-a4c0224230f6
a1089fa4-bb4b-4564-b2b2-eeb9ef9f29f6,Beauty,123,4.5,d2d2ad03-ba2d-4a78-809b-dd583921569e
c5a0a0ba-e42f-47b9-8e59-8f3a7be39d1d,Electronics,1592,3.8,a9bc9106-ad3c-4c1e-bec5-dd246b4ba843
32afe068-3fb8-4a18-946d-a16beb4bf7e7,Beauty,238,2.7,c20a27e2-8a95-4888-b24c-986a3c145a02
318ad404-c87e-42df-9f9e-0d021b45698b,Beauty,1701,3.6,c4c9c3d5-41ac-487a-9702-dc82a8d56fda
e703a095-92df-4614-a21e-a8861eb63013,Electronics,1671,4.6,b298daa0-f537-43a0-91cd-3530e93db74b
617d0e51-e4c1-4c06-913f-acc582e14b21,Beauty,1923,3.4,c3ad2403-d338-4760-8df1-46d19cc51a35
a538c0b3-1a86-4d7b-bf14-824739e32070,Kitchen,1059,2.1,061c1f2f-ffda-4829-950c-e1ead70112c6
62476f2a-2a8e-4519-aa02-d82dd5350b6f,Home,1266,3.7,68318a1c-1a23-49a3-8f06-a69262139205
cab31e1f-b6ff-4608-a5ff-5337a0f52c2b,Beauty,395,3.1,7f3fb2b2-1ff5-4090-9677-c1b8f221c1a5
c4ca1292-3817-48af-9bf7-7778a63fa4db,Beauty,1306,2.6,d7fb96a3-94ff-43a6-b6c6-f53761e2c381
f9e7df09-c712-41c2-85c3-fe216c0eb930,Beauty,242,4.0,fd0c6a7a-0984-483e-a2ad-a52d669f693a
237b0962-9039-405e-824b-9c1af4a0a7ac,Apparel,996,4.3,6c1eced5-0caa-4ace-9140-35a37e216c14
826f7315-5188-4de1-8b16-75fd9fef8bc4,Apparel,366,3.7,ee894db5-34ba-40d1-aa81-2e588286f97f
d3b539a5-c1c0-4d9c-b67d-041da3810390,Home,483,4.0,23c4f2e4-1d25-4b0e-bba3-56c13ae51e6a
5d364982-eff9-4781-8923-44beb83b350e,Beauty,1205,4.9,061c1f2f-ffda-4829-950c-e1ead70112c6
12cfe847-880e-41dd-9e78-8c9035e6127e,Home,688,2.6,85543da7-fb9e-4db2-bafc-f36682f55705
2f74f19a-d2b1-4106-810d-6a2bbbf18997,Home,1501,4.8,84383e0b-26de-4622-b75d-fb13d6171fb3
ea1c1be3-14ea-445b-985d-cd3c8e46af8e,Apparel,1713,2.4,868d7cf6-6d7b-4718-a7ec-74c04bf39c49
e7b77340-4bce-4811-b90f-9f65e5e04f2d,Electronics,570,2.8,d2d2ad03-ba2d-4a78-809b-dd583921569e
d026d267-3cd0-4594-9864-39c8120328ac,Apparel,1712,3.2,e6e1810b-c901-46d0-90b5-d3dcf654c165
dd3cbd3d-cc48-4c4d-b373-88943da66f22,Apparel,1809,4.5,8994f82d-45e2-4c04-90f9-7f13fa1b7aa3
f9cfbfb9-0135-4e02-b463-b47f28130600,Beauty,1259,5.0,2e2bd71a-e2b3-4739-966b-674072a98b84
7dc79480-9975-4fdc-9d85-2c70fdf83c63,Home,1492,4.8,772c571f-8d8c-405a-ae69-191b34d44fb1
ea735ca7-9fb9-4cbe-9b12-a822dc569990,Electronics,804,4.0,55022cfc-78d9-4375-a7d0-2539340aaf8b
97f04048-2971-4c28-9889-785a4882e410,Kitchen,996,3.6,e6ad6af3-b228-443c-8609-9b94bdf6db0e
1a53dcae-4369-4524-adb6-248a4493a840,Kitchen,1694,2.4,5519bc5d-2988-481b-ba17-92b4a70b73b9
8a492abc-26bf-4441-aab8-c45eb274e7b9,Apparel,379,3.5,ee33ba41-75ef-4c82-a54e-535f8cf87e82
46f603a4-0a19-4c04-9015-ad82d43ff8f7,Beauty,1565,4.5,23c4f2e4-1d25-4b0e-bba3-56c13ae51e6a
1b862e33-8dc6-4949-a891-878290566946,Beauty,1864,4.8,181c3459-011e-4d7e-b1b6-be30a206b2b6
ab438dc1-03ed-4974-9b69-101bd48ba9c5,Electronics,1914,4.5,681b89c5-4627-42f5-8984-d07fa329d859
08536670-3d78-4331-ad9e-1a33a3cbea48,Kitchen,1188,3.4,151d1868-0705-4009-af6a-78639992e322
86667bff-2987-4117-ba11-b31afb11d9b4,Kitchen,602,2.3,9d91fb4b-3bf2-44db-9f52-0d04c7943ecf
1e67aade-a0bb-4eb7-b44c-6622f32b4a1e,Electronics,1393,4.3,601fdf77-7efa-414b-b31c-a70d1278c948
44c5df89-fc5d-41dd-a2c7-45fbec7f568b,Electronics,1704,2.0,ebce3dd7-8a5d-48fd-8472-71a5041d5755
b85ae784-10fa-4039-91e8-d97748f4e34a,Kitchen,816,4.9,d3ed7e40-0dee-4c02-9ecf-922f73ce9351
e4ce10e3-c942-4d4d-ba11-b5b4436fb503,Home,1184,4.4,e5744d9b-cba0-4d17-9308-30f8b062cc03
1d95a003-f090-429b-a527-38ea197592fa,Home,1009,3.2,e0d77fa4-39c5-40ed-9041-3d62813e43bd
0933f62c-6aae-4962-af74-df8a23751587,Home,847,3.0,1431bfe0-9785-4fe6-b3e2-006a82383c16
fe4887e1-45c4-404c-9572-c568fcf32299,Beauty,1241,4.6,f2f3d5f3-3130-451e-82e2-ddc924dd08f9
088a37ae-a9d9-4785-8ec5-1cb097d1b0c5,Beauty,1227,3.6,1931553d-28e8-48e9-87ea-f88c8cda4813
fe80cc0b-bc62-4636-81cc-40462d187036,Beauty,1214,3.2,3f922ed9-4036-4ddb-a00b-dc15989e33cd
3b4ee7a4-7ba3-4399-83a1-9a53adf00b6f,Home,186,2.7,48e38f7a-b55b-4562-b71f-959bbc949063
75e0fdef-27b5-4a02-9262-1232293349dd,Home,445,2.4,dd2ae168-3839-43bf-92af-38f1467585cd
da02d8b2-9908-441c-91c1-d22abbbc1b03,Apparel,1978,3.4,52f35683-ef6f-4e9f-9eee-29f77b072bca
766ca701-f107-4f83-a24a-7e0c223de307,Apparel,1372,4.9,2955e741-1823-43c8-8ba1-b86fc1b866a4
512b8c44-407e-485b-b106-289b24414621,Kitchen,1247,3.2,da30ceec-9a9a-43c2-9b4a-24b7bdbb794b
1423d6ea-2b38-4c1e-9696-abd9afb55997,Home,1312,4.3,3aeda1ab-5def-4be8-954d-0a7fbbcd7e92
fc68d5df-7eea-490b-a1c5-bdbfb7d92bbc,Home,1205,4.4,973ff2f0-6ce3-4b88-8a0b-484bae7d8095
9a82cef0-38ea-4dd1-a211-810686b80d3b,Electronics,1690,3.5,93d8811a-0b25-40d8-b43f-035769354e27
1cbc935c-b513-496e-8698-9924ee71deff,Electronics,1117,2.6,eae6058e-a285-4f37-ad49-81728302f6ed
55d4daa6-9863-4f57-862b-77ef13228337,Apparel,615,4.4,5ff74f60-85ef-40d1-b853-8a56bee46948
b6f1b260-12b3-484e-bbcc-9f30da09b53d,Kitchen,1262,3.1,8d1d5d3a-8a05-4825-914d-e330d4b5bb2d
c392920e-a9ed-4585-863f-fc3a154f2f3a,Home,1280,4.5,98741b6c-2bb3-4088-bdab-556c60734f86
f5877a46-8b30-4679-9a6a-90c06458785b,Electronics,903,2.9,b67b05d7-9faf-4165-8c35-2372ff893f06
8235ef90-c5aa-4273-89e7-d5452e2f4668,Beauty,117,2.7,caee6447-8dac-44f1-9bf5-61429bc5e300
10cb9921-b33f-4770-a1c9-979776303d46,Home,1209,3.7,09e28d9e-57ea-4d07-b268-d7bd89f9a604
db7669d1-cd26-4756-b6b9-3ccb906fbd1d,Beauty,109,2.1,b8edd250-a8fa-430c-8789-2b7238942031
de12e4cb-6438-4480-9fab-6979ddc43926,Apparel,466,3.6,10239612-24df-468e-84a7-8a947e3b1d6b
0da286ac-b501-4bec-9dcf-ab911b38ac24,Kitchen,1502,2.2,720cc0db-2686-457f-afe1-c9cfa8cda10c
5b2312e8-8f04-40ec-8379-ed8dfa06b39e,Apparel,401,4.0,63e33410-342c-43c1-a185-385a9c2d5368
4c147979-2320-4983-99cb-93ebdd5509a6,Apparel,268,4.2,a4b1ffad-1e74-4b17-ab7b-db3a3f68e7fe
a0ed1823-f4f9-4acf-94b4-c405820ff80e,Kitchen,709,3.1,d516d8ee-baae-4131-9c49-d696d0548592
00d2fa6e-035c-4466-b4af-6d53cc96290e,Apparel,915,2.8,723666af-8e8b-49ee-ab69-4709f3599b3a
e2848539-e184-4d25-8aee-ac52ba345d95,Electronics,381,4.0,9085e043-af05-42d8-adbe-5f331250ee06
5c9faf6e-c1f5-4083-a287-c5d7288192ac,Apparel,213,4.6,92d96a40-495e-423d-8366-c2e0e1659b59
702a76b4-b3d5-406f-8ba7-4f5d7e140f05,Beauty,950,2.4,15aa3952-f255-4b99-811f-60e2f1f4383e
5a39fe8b-ca86-46af-9d6f-29ef4808d398,Kitchen,1431,4.2,31de31e9-67c1-463b-a7cf-d11fb69f3f9e
be449fe9-7f5f-4bc1-aa7b-ab66bbd667ce,Apparel,828,2.5,292b2e72-b185-4a7a-bb1d-f93c2789d249
a002a354-f719-404e-a8ca-ada9ce416e55,Electronics,1016,2.8,82650be4-a300-4c76-8ef0-c74f15aaaf1b
f32193a8-3578-4638-8b90-c5ef88e44407,Apparel,570,4.6,526cb160-2615-4013-8366-f51b9211f147
b38f1e5b-3009-497f-ad45-9672a0101e82,Apparel,1085,3.6,312db577-012d-4d57-a673-0fbc781e18e0
be9e7323-b05e-4702-920c-8510cb79acaf,Kitchen,698,4.2,e0b55ee0-d183-45d5-8c68-42bb52abd2a8
0e34012d-020c-4461-a734-970dc984a0d9,Home,513,2.0,40e393b5-20b5-4aaa-9d51-837f892aafa8
da9e1d8b-6253-47fc-ae21-0d2648bf8f15,Kitchen,1139,4.9,195754c7-928a-4d58-9013-7c814e2d291e
a94fb70e-d4f1-4c1f-8adb-a4f7dfff4fce,Home,1510,3.7,526cb160-2615-4013-8366-f51b9211f147
65e84e7d-5af0-481a-bb6b-a038735efe55,Electronics,1548,3.9,72e6855f-858f-429e-9f7d-82eee0f82685
dfb4b48c-b409-4201-b8db-43fdf9de9dc1,Apparel,1729,2.3,2e2bd71a-e2b3-4739-966b-674072a98b84
9eb50272-a5a0-4e74-b4ce-4d24d67a8caf,Kitchen,1012,4.9,947cb004-36c4-4a04-b681-09f3d6a1ded0
eb063666-27e8-42ca-8c95-ab734ff90b6c,Home,375,3.2,5e535c6c-acde-4240-8961-7b52e1d55337
adfa6c7f-b533-4a89-ae8b-9116149d1a73,Kitchen,1618,4.0,a8967432-5fa9-4809-8000-4e828ca65832
6dcfe50d-0a9d-483c-b5d7-627c57aeed2b,Electronics,1541,2.3,bf057daf-a8ac-402b-8314-82738e246bb2
3db2081d-d4e2-45a5-b8cf-7c5c68d28b97,Beauty,114,2.3,7a962bb6-db59-40a7-b150-0a2b59b05c64
2792546d-04c5-419c-98a1-ea4efca6713e,Apparel,1258,3.3,b84b30ff-f5e9-4a7a-b68d-77598a77f199
1a46c8c5-240f-4f77-81e9-f1d8287bd0e6,Beauty,1470,2.4,7d76fa4d-3751-44fb-bfd9-1befa1c28b8b
cbb10bd8-cbdf-4ba2-b89b-9e84fe0aa7c6,Home,817,2.2,92b5c717-5424-402e-95be-040ce4031993
7f57266a-4694-441a-a8bd-a2d7f28c333e,Apparel,344,4.5,420fa226-13ce-4a60-aaa3-d0cefb5c8b85
6151a616-92b1-488f-a3f7-dfc7b8e89b12,Electronics,1582,4.2,8402dd45-9f7f-4857-b1c7-50db8a9496b3
12f82948-21ee-4079-84f0-146563fae099,Home,564,4.1,09a066a7-0996-47df-84e2-6569b68ce306
50d95789-d224-48a5-8d64-7263d3710724,Electronics,1021,4.5,41c2d5e6-fc49-48bf-9df3-ba687a0ec631
ada82531-317d-4d69-b5d8-7f309d8325b7,Kitchen,1278,3.9,e20cd797-854e-44ae-a8f9-a4dc6849465b
cc3600b5-0d21-4797-8efd-52bfd484cad2,Beauty,1299,3.0,fbef2203-290e-4a0a-b6c6-b7b253a033b8
3eab40fe-9ebb-4b46-af6c-2e54bc36b9fd,Electronics,1962,2.3,a0a49a9b-4f22-43e0-bc09-3181bd4ceef9
a9b2a897-886e-4378-bad9-ca506b8836de,Kitchen,1972,3.0,a4cff38c-aee4-4202-97e4-11d002231daf
07b56eae-8502-4b14-a0d8-bbbbd38a09ef,Apparel,979,4.5,59febb31-1dbc-4f87-83b9-f92de3be9bb2
11b84bb5-b54f-44ad-9c9d-57930ccfd6d7,Electronics,1422,3.3,3bbc9ebd-57a4-4aec-853e-a13c0c988be6
48892017-d111-4dce-8c66-daabb3e15371,Electronics,437,4.9,2955e741-1823-43c8-8ba1-b86fc1b866a4
872fb623-df97-40b5-8d50-f533d0d19a51,Beauty,784,4.5,d5e30c7f-eebf-4c43-a8d7-1d9c7b51e677
ecff61c6-264b-4820-a724-945f6cbf6258,Kitchen,1525,4.6,57742903-0c73-4fd6-acbf-a53e3527c21b
be6330a7-2db1-4599-a050-82f723801a2a,Kitchen,1973,2.6,1036c721-9ad3-45d2-a99d-eee9c63ca8ef
70910353-ebf2-48ae-9105-010d7088fd79,Beauty,1793,2.7,c62e2269-796e-4cbe-b1a1-30e1e466231c
6e1b2187-1e6f-46c9-99d6-34b89f306412,Home,889,2.4,3dbdf1aa-b446-420a-b5f4-f815ee4fe109
da705778-b5e7-459f-8390-669399c9841a,Apparel,1159,4.8,fc8bf647-a854-4abe-a8b4-3e63d51f80a0
07673188-6683-4ff3-bfa6-99fd8ad7ad4f,Apparel,464,2.9,291a6ebe-568b-4616-996b-be8d75d8497e
a4b152f7-becd-45f8-8ada-85d66cd3a39d,Beauty,1590,3.3,08282dab-2f80-4b99-9fce-b43e947e0dcc
a216d346-cde2-40e8-b377-4721a31cbec4,Beauty,1550,4.4,263f2ebd-a00a-4733-9ce0-7ba2f8b0b52c
e3904f92-7be7-436e-bfb8-e69d43ab57ae,Home,1906,4.3,1b4d8fb1-a2ba-451f-9ddf-ee86289d86f9
bb7fce67-e4e3-40d0-ab1e-d020d598dfb6,Home,1401,2.9,50dc5b76-5856-4fd8-bf6a-9166ace41e86
8426fb26-76d0-4166-8c2c-0efe58282841,Kitchen,1861,2.9,17cb493a-c3c2-4393-b62b-bbef0cd2fe21
24cecfa8-4205-4daf-867b-adec035ef99e,Beauty,1162,3.5,f8bd41e1-10ca-47ed-b461-7994ee25192d
7ae3784b-3645-4f88-8e83-1a47ea1c44ed,Beauty,841,3.4,681b89c5-4627-42f5-8984-d07fa329d859
d3a1631a-e160-4f2d-9699-55cb6ff6383a,Beauty,1641,4.1,a83211a9-9230-4838-890a-3868a88d8393
db0494eb-69af-4b37-b462-8417e8e12db3,Home,1931,3.6,d9c8c78b-98b4-4c2b-8b9b-735f4ebd5d11
27fc0287-674e-4341-a1d0-9e8b45ac0590,Apparel,1809,2.5,2a9e2135-f5d2-4f3b-a6ac-9d4d179178d3
8a3d4273-4baa-4dbc-8420-a93234f4a915,Electronics,196,4.3,0caaf091-5d0e-4ba6-a85f-9c61c5c75dff
e6cca4bf-7669-4ce0-a8bf-99cce260495f,Kitchen,2000,3.6,927e352a-5ab7-4188-94f8-52d0d305674d
a12178b5-ed72-408c-a53b-1014259de1bb,Kitchen,356,2.9,1311d01c-933c-4cea-9a76-d462f7a1fe8f
4c0296d0-27e0-42c9-8568-f6be2f5d0d06,Beauty,203,3.9,852252be-8099-41e0-9469-de71fb54c21c
072dadbd-96b5-4e92-ac99-2290d2689dc2,Apparel,1262,2.9,3dbdf1aa-b446-420a-b5f4-f815ee4fe109
954ed7a8-35c7-474f-8c9a-727b764def52,Apparel,958,4.1,01ec18ad-52f4-47db-a64d-45457f705c6f
03dd97b1-098a-4b6b-b396-599bb8bf5ace,Home,1078,3.2,d0390ffb-0966-4f98-a4fc-f381c593c70c
c2f76f99-9a60-419d-9d95-267dd59fc066,Home,930,3.1,772d39c8-a0ec-4a3d-be81-b119b196795d
755acb52-35c9-4215-8651-1b93804a4464,Home,357,3.1,cce3e156-0779-4b17-9c69-fc411948d14c
cc141810-07af-473e-bdbe-d79e2b946cde,Home,1989,2.1,24917ecf-cd03-4ae4-9f1b-350e6018c9fb
22f3d7b4-1b91-4bab-b03a-bb86f89c5423,Electronics,572,2.2,caee6447-8dac-44f1-9bf5-61429bc5e300
c24235cf-2553-49e4-be9f-9dc8ca3c346f,Apparel,1570,4.9,a9bc9106-ad3c-4c1e-bec5-dd246b4ba843
72c986d0-8304-45aa-9fb3-cf4334aded83,Apparel,1968,2.3,80b5d469-dfce-4328-8e6f-3c82d0bbbeef
ecd1cd45-f318-4353-885d-2c10fb49278c,Home,1055,2.7,b4ebaff8-0252-4e85-a5ae-a61eba8d04f9
568b686c-121b-4cdb-a4cb-d822799cbba0,Apparel,1640,3.4,12cc3653-3dae-4903-9d23-8ab4ad3df15a
6421d8da-be42-45d2-9bcb-786c83f665bf,Home,911,2.9,8fcd50a7-3b98-4775-8ca6-b5eedd9d6dd1
dc5debfb-162d-4f98-96fa-43b477045cd7,Kitchen,1106,4.9,00b026b2-7acb-4f84-9fa4-1fd1e2fdefd4
60b9c52c-bbcd-46b0-997b-a8511e500c37,Beauty,1270,4.9,c00f021b-3b23-44ea-991f-80f8f595b342
d89faeb4-f79d-4050-90e3-fc2657d5417b,Apparel,1398,2.2,b25b0711-b360-4482-a4b4-422377141a9c
6b8b582b-9029-48ab-a1a1-3f7d3f98fa32,Home,1980,3.8,6fa49d17-18dc-4c5c-9bb2-4421e39f2f63
369175f9-dba3-493e-be5d-6ce1bace66f0,Home,775,3.8,e1798236-d91a-4e37-97cc-ea6a6165c5e7
4bb070e5-ebfb-4134-be05-72790efb812d,Kitchen,1018,4.4,69ff260d-ad27-4eae-92b3-25e52726a30b
4e5352a3-21d8-4b3f-aa44-6e7d10d4262c,Home,1278,3.6,ee33ba41-75ef-4c82-a54e-535f8cf87e82
c12cc936-81f3-43d8-bfab-de2dc8c6dcf9,Kitchen,1362,3.3,da30ceec-9a9a-43c2-9b4a-24b7bdbb794b
ae5a42ac-a71d-4039-9caf-e9fb5db43c4a,Beauty,1712,3.4,ccdf1729-1817-4c2c-93c0-227ab7ec7fe1
82efd37a-e979-441f-bf32-f1bc65ace476,Apparel,822,2.7,cce3e156-0779-4b17-9c69-fc411948d14c
7fbd6fd2-845d-44f3-af2d-ab52a4053cac,Apparel,1717,2.5,a76215a8-4bf8-42cd-b514-21b84a35a9d3
8e78bbd1-06f4-4119-9f49-d5342d82cd26,Home,1619,2.9,322c9b24-eefa-488a-84d6-946fdcfbfce5
b9bb70c1-d5e2-42d0-9dd4-b3bcd15427e5,Home,924,3.0,ffe0c674-853d-44a4-a76c-fb9effac411a
372bd773-6c03-4135-a1a9-d99feb1eebd5,Home,393,3.8,c8cd3bd2-1a40-4f23-b570-8cac016caf44
fcc7c428-b7b3-4d49-a50a-10958b4a9aec,Electronics,177,4.1,53291234-8928-4e12-9611-621244050f3c
940cd334-0871-4939-a460-7db18149d7f8,Apparel,985,2.9,cf5b5859-c099-43db-8907-dc24dc537a9b
dbb3f97a-5563-469f-a2b2-56fa61cbda4a,Beauty,238,4.6,ebbf4779-5bd2-4c6e-998e-1befbcac387e
0e995993-9d0f-4880-93f1-7b55ce9a3d0d,Kitchen,716,2.4,99334a45-fc64-4dae-a4ce-1146e7ff1a3b
659547da-a10d-44d6-9337-7e4939c22d34,Beauty,610,4.5,93d2ca76-e3ac-4123-8a6a-b122bd370f68
d7048cef-823a-4855-ab55-cdbf34e96614,Kitchen,751,2.8,720cc0db-2686-457f-afe1-c9cfa8cda10c
fe6efcbd-e77f-4a76-ab25-0a2512a65307,Apparel,1563,4.8,730da300-67ab-4bdb-ac5f-33cf61433868
9b41b2c2-7c4c-4fbb-8798-a953d74e53eb,Home,355,3.2,b189fc54-0569-41e3-9b52-fdb6d7560440
ebf2bce5-2e8a-44cf-aed0-7210e754ebc5,Electronics,394,4.2,7fb2c3a5-3107-4e4b-a1f6-c496ccbc4f09
d30b0333-5633-4fd6-81cc-0970ecbc1930,Apparel,1604,3.3,36145ca4-7c98-41b7-ae31-d00ca4ffd437
d515b00d-49b3-44a3-b0a4-c7d88945ddbc,Kitchen,1761,4.6,151d1868-0705-4009-af6a-78639992e322
4f8acabd-706c-4363-831d-86a46f30d66e,Electronics,560,3.9,5519bc5d-2988-481b-ba17-92b4a70b73b9
d8d1c3e0-05ef-47ad-9f8f-5fc9710c882c,Home,1500,3.7,c8503595-4c44-4dc6-84cd-105402590f25
28240360-79e3-4372-8cdc-166b86c5ad78,Apparel,667,3.0,f221b7d5-94fb-48dd-84c5-9cf12dd60255
651786c7-304e-4e0b-a9cb-25c98a6e66a1,Electronics,1871,2.5,c4f63bf8-47cb-41e6-99a7-3530171bb9db
5fc9f597-d0c4-4cc0-b0e2-4706d0b38189,Kitchen,457,3.5,b68b6466-3984-4d50-8d04-e028cb068760
349f380f-5359-4329-8592-64ea82134a7c,Home,784,3.4,f7c7072a-967c-4714-98b1-ea801f2eae34
3c8ba9f8-f0e0-474f-9b3f-8c080f19489b,Electronics,301,4.7,0ea17e5e-c4ee-4544-b270-ee088418c174
3765bd1c-c3c4-4f82-8eaf-f794bcdd1647,Apparel,1085,2.7,8ff310c2-4d04-4721-839c-61b860f3ba32
b9fe0a97-a5bf-4a40-959f-4675018bc207,Home,1388,4.7,3f922ed9-4036-4ddb-a00b-dc15989e33cd
f232353d-1d05-4506-985c-b5ff39a0ed95,Home,203,2.5,6a32458f-d1a8-48b7-a443-718f01a03c00
79ae5c06-5c9d-47e0-8246-5a76fd1c0e6b,Beauty,735,2.3,8d9598a4-d847-45ea-9ee6-bf73dc45786e
53eb2103-10bc-4e55-8b5f-68350e6712e0,Home,700,4.3,e0b55ee0-d183-45d5-8c68-42bb52abd2a8
fc9b5ac5-a70c-4f4f-911f-71c3ca8fbf0d,Kitchen,144,3.9,8513425c-2956-4570-8eb4-41c89356f96a
f46aafcb-47d2-4853-a81b-7c30c6edc76e,Kitchen,490,4.1,10d709b8-74c3-404b-9013-4c8ba839214a
d6b23917-caa6-4de2-9115-b73da6e319c6,Home,212,2.7,f9463caf-3999-41c3-99ef-fd7c4e9b8ed0
b7dc49df-5c1b-4784-9f32-ec8dd5e6327d,Apparel,763,4.7,772c571f-8d8c-405a-ae69-191b34d44fb1
d38782fc-adfe-4b6d-8ec8-85bce6cb114a,Apparel,357,2.7,c20a27e2-8a95-4888-b24c-986a3c145a02
13b87a76-8008-47e5-97e6-af15e4b88da8,Kitchen,296,4.5,d8a597c9-00fe-4721-8261-d67f06872f6b
fae6a31a-8e75-4eb0-80d9-15bb356f42ea,Apparel,848,4.8,8ad90801-c96e-45ef-a42c-9f279d33f7e6
680a3208-f6c7-46a6-b782-fe0a624d6ef3,Electronics,1859,3.5,dd138f5a-7bb8-4ddd-9b3e-8bf896731f70
adcf3051-38cd-4dc1-bf42-ae62bc1310bb,Electronics,646,3.9,11d29f4b-63e2-49ac-9bb0-eeed27a038fa
d0ede2a1-c4dc-483d-bba8-00133698b2be,Apparel,659,2.5,f27e4a89-c334-414e-8c97-50d0e9ae2995
15f76893-e0e2-4c91-9631-fe7d519c0adc,Kitchen,798,3.2,65a4a182-d125-45df-a7da-eb35bc4e6a59
a2663a55-f5c9-482f-afa3-f8608d857ce6,Apparel,1315,3.9,299a6238-6a50-4e6c-8469-4a98db858c5d
c258a657-97ba-4ce8-a01e-b46ed15173dd,Kitchen,1852,2.3,0e670699-253a-4810-8fc2-9978c92ae884
d47e6f50-7a14-4fe9-b0b7-7a43201bc01d,Home,1145,4.4,0d36fa9b-0ac6-4c62-8db3-3248fe9a0369
6ab8a038-e571-4c05-a594-b13c5959fcb1,Beauty,1678,3.6,c8503595-4c44-4dc6-84cd-105402590f25
7f71cfb3-6827-4840-8e1b-3598b749119d,Apparel,1829,2.7,db2a54fb-58c0-4839-8e55-deb1dfccfde1
b9b4794c-79b8-436b-be94-66ba7c366af7,Kitchen,1950,2.1,01e39fd2-c696-4d8a-a19e-3517ea8c8b04
66c709b1-c5fe-4a68-8a78-c6d895d3be61,Home,1593,4.1,697c2949-fe2f-4cd1-85f2-9b2f127c9547
85a3cbcc-1433-456f-a763-3f31eb7c2666,Kitchen,1660,4.9,868d7cf6-6d7b-4718-a7ec-74c04bf39c49
6b4d7363-9fe1-4c33-a821-bcf9c5db7031,Beauty,325,3.0,7f3fb2b2-1ff5-4090-9677-c1b8f221c1a5
5e2759c4-5dff-480d-9c4e-3d6f1ae20980,Kitchen,833,3.5,de994fc3-5959-49fb-817c-e00af2f7139f
dd6cc5b1-d7b0-4dff-9d7d-f2b1317218e1,Beauty,985,4.4,6e7bbd5f-fc71-4a45-9b59-42dc114f9e26
625eaab0-ade4-4f40-8d80-8de70ce04a36,Electronics,1393,3.9,5cfd520c-0525-48eb-9617-5131aa32bd18
08ad6937-19cc-44d9-9b7a-d9ac833626a5,Beauty,603,2.1,ff706f8d-a0c9-41c7-afcd-1f1b0fb7d7c7
34a9f91b-0fd8-47f3-9c99-81fcbaa2e493,Beauty,346,4.2,3c720657-4924-48a8-8048-6ea11f68e748
947b1884-2483-48c9-b56c-51ee805bc738,Apparel,1474,4.0,a0a49a9b-4f22-43e0-bc09-3181bd4ceef9
b2df6350-735f-4347-9eba-ffa34ef76417,Kitchen,1926,4.8,d64247f5-cc94-4b4c-805a-d85491fa5b33
91dba097-39e1-425b-b796-04c599f1ce5c,Home,747,2.4,bc4cee7f-33c4-408e-8c29-494e653f3f7f
a935de1a-2d94-4633-b99c-02171eb58d8d,Apparel,1038,3.3,f0caa86e-8ead-4eaf-a3f8-0adf11bd0f3a
a0f60299-ee32-474f-a8e5-e4963046e7b8,Kitchen,185,2.9,5a5fe94e-00de-42b9-bcb2-b5c1bbf531d9
8fdb1283-85c9-4b2f-8441-391e761e02f0,Kitchen,1343,3.7,cf74121f-b5fe-463a-a092-193efca62f1f
25a1a86c-6500-4be0-a549-d68059d4401b,Electronics,1756,3.1,1d843f3a-05ee-4398-ad20-a96d6c75bc90
f53f851f-0912-4d21-8721-12823ab29652,Beauty,1319,3.3,8ead525c-4f24-4607-8c5a-ea13c4df1b14
bf2318af-1d53-45bf-a801-a9a08281eee8,Apparel,726,2.6,3d963000-25f9-4a62-8957-3165bccd03e7
c1361bba-3b56-423c-bf28-e9e6112db6bd,Beauty,149,4.7,dd1c40ae-62a6-4e3d-86eb-75f938adc3a4
e1bc8fde-9465-44f2-941e-c2b36160f8bc,Apparel,1626,4.3,c8c24f39-fd9d-4be7-bfd1-3068f2c27903
c1406102-6bdc-482d-81f2-122d87d5ed7f,Apparel,190,2.2,e79ed9fe-4eaa-4fe7-aaed-0c6f77b46af0
b8296a41-3907-4f55-a562-094073e6b3cf,Beauty,1600,2.3,eba81e5a-76cc-4e91-93ec-b01aba6dccdb
cad71921-1bc9-41e7-aa52-54e0fe0ad418,Home,1328,2.4,41c2d5e6-fc49-48bf-9df3-ba687a0ec631
ddeccba5-b1fa-4dff-98e1-3032a9277777,Electronics,1174,3.5,0806249c-5fa2-46a5-b2a4-c57fc48a31a4
00e59536-370a-4f20-b13a-8ad7cf3de030,Electronics,1316,2.6,9057512d-8699-4854-9809-d9a4ef5efd85
b27a182f-a6c3-41e8-b26d-555df10b73a4,Beauty,1444,2.3,720cc0db-2686-457f-afe1-c9cfa8cda10c
7d433103-abf9-43df-8d51-d226fbd6da7c,Home,1236,3.6,f4d9496f-ca77-4be5-a906-19cb5d460bd6
3843c902-d321-4385-bfd1-c674cea6b4c9,Electronics,1068,4.1,db2a54fb-58c0-4839-8e55-deb1dfccfde1
4cafc558-d3f6-4ba6-a581-ef148f242119,Kitchen,281,3.6,e15f04c8-b63a-44df-bdc7-3459493072d0
99d331dd-a1a7-4cbb-b1ee-2fb51ad3a55c,Kitchen,961,4.8,028524d4-2cf3-4058-8495-78834f77233d
bf41a357-97e6-4946-9993-c3ff2ed56f55,Kitchen,1385,2.1,48e38f7a-b55b-4562-b71f-959bbc949063
cb649cc8-3a5f-44d2-9d64-5e54a10ee800,Beauty,784,5.0,08282dab-2f80-4b99-9fce-b43e947e0dcc
edf89a80-391e-4e1f-bca3-38c24816d84c,Electronics,1198,4.3,d2d2ad03-ba2d-4a78-809b-dd583921569e
ad07da47-6e9c-4284-8ce6-ec6ac7f1acb5,Beauty,460,3.6,c00f021b-3b23-44ea-991f-80f8f595b342
692997a4-8e3a-40ac-92a7-0dd156f5d2fc,Beauty,419,4.1,083f538d-9f75-416e-a63c-709db89782a4
ba911110-6338-443b-b580-74a3005fad2e,Apparel,1582,3.9,5cff0afa-410b-44dd-b653-e2490d7f167f
60636867-c076-4ec7-af79-74dcf87be217,Apparel,1478,4.0,30c9d7d5-b640-4bea-92f4-22bdaa6ed668
10526f71-c929-4c64-876b-ab3553f1cbf7,Kitchen,1016,2.5,248d0692-9b1d-4dca-b030-9025428e4a0d
6e48a7a8-cc2d-48ab-83b5-e5f67831ff11,Beauty,531,3.1,3bbc9ebd-57a4-4aec-853e-a13c0c988be6
a32847c8-9926-4fa3-ae43-ce553e7612fa,Apparel,1054,3.5,e27e0a00-2b82-4012-8d11-d15ddbaab95b
1e534afa-1878-469d-b000-d11b71d705f6,Apparel,1192,2.7,447ea0f5-3094-4415-b981-b369bc866451
2bb59d78-18dd-45ae-a3b8-d4e14c72f3eb,Beauty,1336,3.3,b298daa0-f537-43a0-91cd-3530e93db74b
dc1d0d49-c8fb-418d-99b8-3a88078766d7,Electronics,1656,3.8,cfc87f0c-6b00-4979-b567-e939c67f19e1
f01822d8-7934-4bbe-a0d2-27283521baef,Electronics,860,2.3,7a284a3f-78d8-48e2-b307-18476a1d8a92
a38d7739-0ec7-4e95-b679-61f164d21000,Kitchen,681,3.8,addf7f0a-d5e0-49a1-b545-6ed97484e726
1bd1caf2-7a17-401f-b81d-3bcb9c9a8dae,Beauty,1045,4.7,3b8ac338-78c2-46b0-84ab-83e4e2fc17f5
3ddf40c2-7291-4db3-8af2-b126e03444e6,Beauty,1084,2.8,0d36fa9b-0ac6-4c62-8db3-3248fe9a0369
a7a8a568-b8e8-4967-9cea-f4ce244eec19,Beauty,876,3.6,7b47f559-a867-4da8-b4a5-079ce893f0ca
3a433f63-8433-47e9-bd20-4d19a9220e9f,Beauty,1020,3.1,40764a69-5461-4071-b117-62be3335836d
1a82595b-8f3b-4061-9788-38c4f89eda53,Electronics,791,4.3,9af79453-8805-450a-9bc0-823638151b77
6a91ae5b-f340-4361-8c16-2c6eb3f31d87,Apparel,272,3.3,8451e1b3-cb47-4667-941c-31caa1b94a18
01c93fbc-bf63-4c90-bd3e-e93c0c77e0f3,Beauty,193,3.1,b84b30ff-f5e9-4a7a-b68d-77598a77f199
0f38a7e2-8987-41b9-9ea6-7cc41d5347eb,Kitchen,1781,3.2,53677aa0-c7b0-4311-8c13-729debef8a8b
ef1be52f-be87-4b25-9646-0ec7226ec102,Home,1996,4.3,99334a45-fc64-4dae-a4ce-1146e7ff1a3b
6650dbad-8bfc-433a-9d1a-1747cccf1084,Apparel,1976,3.9,b6941ea0-0b1b-4371-b6e1-6504fccb7c25
41754170-58d3-47fd-9377-573c79fac094,Home,1305,4.8,c8cd3bd2-1a40-4f23-b570-8cac016caf44
8213ac44-00bf-42df-83a2-d2113e327b7a,Apparel,375,3.0,d98ef9f6-4e46-4946-82b1-b85e415a8b79
83b4316e-1ba3-4a6d-81ab-6886e2de9f9e,Kitchen,977,3.0,cfa1253a-5c9c-4b88-9ff5-80188bcb915d
e09b52e9-777d-43c5-b5b5-cf3732ebfb8e,Home,591,4.3,324c5727-35b6-497c-82a4-99eba7504e2b
527bd47f-ed00-4840-87f2-65a20b9d2d2a,Beauty,1087,4.4,927e352a-5ab7-4188-94f8-52d0d305674d
616c5752-491f-47fe-8ae4-ac54e818098c,Home,303,3.1,c4f63bf8-47cb-41e6-99a7-3530171bb9db
28a28f35-a0d1-4a2b-82b1-61bafd1967f0,Electronics,1085,2.3,9c2c2195-f35f-49b1-8c18-4cad67e92e52
b5ecc24d-fa6e-4964-a78e-69c61b3b42d0,Home,1819,3.2,299a6238-6a50-4e6c-8469-4a98db858c5d
9fe99741-b5df-4a67-9617-323dc11fce0e,Kitchen,1221,3.4,947cb004-36c4-4a04-b681-09f3d6a1ded0
74b62795-ed05-48c0-a811-43d11f43941f,Apparel,1845,2.3,6c04b5d3-0152-4eeb-b004-cca9d13a41cf
7b1477f0-2147-4713-af69-71df3517e14e,Apparel,383,4.9,54c45cdd-c636-4f8a-bce3-6ef16b13adcb
d6649187-0642-41be-a6c9-7174aec84bd6,Kitchen,790,3.0,567e4385-f330-4c8f-8af3-19af3c0c505f
0bfaadd6-9a30-40ff-b3e6-7df893c8f6a7,Apparel,800,2.9,23c4f2e4-1d25-4b0e-bba3-56c13ae51e6a
7642ba64-dea1-4b27-97d2-d821bb3c2e9f,Electronics,1624,4.2,349e743b-2bfa-46b6-87b4-b9e9b9a74eb3
839bba07-3d5c-4ddd-9cac-b169d22b6f91,Electronics,1300,4.8,80a7bce8-5ff2-47d0-8573-ce84c4d17340
d1f41d59-16cb-4433-af88-4d8245fb20fc,Home,1263,4.5,25a9804e-9b17-4ff8-9b72-09b7256b91d6
62b4cdcf-17b1-4886-a3a7-6605d931e8df,Beauty,585,3.6,d7137d56-07e7-43a7-9fc5-7f773983f246
8b99cc9f-47b8-4759-b7c0-b5d35e19c2fd,Home,734,3.1,e6ad6af3-b228-443c-8609-9b94bdf6db0e
fe84e28e-47df-4e85-85a2-72f9364a5557,Home,127,2.6,aab1b855-33f6-46d5-9714-7c57cc7c4d0e
c2e1b473-0524-4a00-af37-ee2cb587a450,Kitchen,609,3.6,8426be7c-0204-477d-8d75-fc79eb47f194
0c38c005-f2be-4334-b632-06bc309bb3c5,Apparel,156,2.1,b8edd250-a8fa-430c-8789-2b7238942031
0d8fa25f-0c03-47df-b925-0226e555a1dd,Kitchen,557,2.9,f0e052ac-3d25-4ad3-8c47-8e659f5be1c7
e45c81b5-e274-45b3-8175-9f3f88cde73a,Kitchen,1366,4.8,927e352a-5ab7-4188-94f8-52d0d305674d
01b49d35-e76f-4c9e-88f9-06ffb97b2df6,Beauty,1516,4.9,5cfd520c-0525-48eb-9617-5131aa32bd18
bd1f6091-ddbf-4049-b559-8fda10869926,Apparel,996,5.0,973ff2f0-6ce3-4b88-8a0b-484bae7d8095
d19d3b8e-4aeb-4712-adde-73ff46a7aafc,Beauty,743,5.0,24917ecf-cd03-4ae4-9f1b-350e6018c9fb
836d1887-b85d-4757-b231-27d1a4e47608,Beauty,412,3.5,7f3fb2b2-1ff5-4090-9677-c1b8f221c1a5
fd0511a2-5dbd-4a04-87aa-c0f1255da4d3,Home,835,2.3,68b84cb2-41ac-47bf-bfb0-a3a13ce9ee9c
62582bf0-17b2-4b46-9e98-9bce9d00b377,Beauty,421,2.4,420fa226-13ce-4a60-aaa3-d0cefb5c8b85
b1d6f1d3-ab2b-4053-b7a1-29e5fc818adf,Beauty,1693,3.0,502d9e01-244d-4f90-9464-9d5149959ec2
60f74757-7521-4307-a867-6ca1f3a2b27d,Apparel,108,2.5,f7c7072a-967c-4714-98b1-ea801f2eae34
adcdeb79-44b2-4a9d-91c4-5f3aa4108dea,Apparel,365,2.7,090a56b9-107c-4ee1-81e5-e4caa8e4de58
6b56ba93-d612-42cb-a44e-4866c8a95f7b,Kitchen,179,3.1,bb2a0d36-d44a-48c9-a1cf-da68b8d5ab92
5e20c19a-ed54-471e-a370-0c7329ddc5ee,Beauty,1024,4.6,266e1864-040f-4fe1-a06c-ced7e49a725e
facbfd34-f001-4920-8cf0-43497db8be12,Apparel,477,3.1,e1285b81-3c2f-4e89-9ac3-9a617832ab63
b41be0d9-64bc-4a77-873b-5191dd761a96,Kitchen,1162,3.7,7a962bb6-db59-40a7-b150-0a2b59b05c64
52dac8c6-3518-4bdd-baef-0258772a6344,Kitchen,309,4.8,32bee2ee-9430-4560-8c53-d16507ab23bb
15ffdd88-1c2a-4672-9c59-2db5d06defe4,Home,1681,4.6,c6d3eff9-ffe4-437a-8ccd-8b59b13238ac
865e399c-15f4-41a9-92cc-28023e293dca,Apparel,789,2.2,502d9e01-244d-4f90-9464-9d5149959ec2
bbcf9648-c128-4a0e-9b63-df9502731a3f,Beauty,188,4.1,59febb31-1dbc-4f87-83b9-f92de3be9bb2
4a945ab6-db96-4227-88f1-603aed76c875,Apparel,1840,2.5,4442ed4c-dedf-4e8a-9e93-5c1a6646fbb8
de52b919-d1a2-4b58-9b8a-99cc3ce58188,Home,1099,3.6,3022addd-e995-48e0-8c39-c947ae4c93a2
bbb6e1b4-0a87-4a67-8c17-19c4f2d8fb3a,Kitchen,1095,3.9,c4c9c3d5-41ac-487a-9702-dc82a8d56fda
c36ba735-063c-4012-b411-8286f92086aa,Electronics,1240,3.1,9571dfaa-6138-433c-afff-94ffd32cbed2
75a85b4d-cf70-449c-a63a-6ff53430dd6c,Beauty,269,3.0,98741b6c-2bb3-4088-bdab-556c60734f86
06811b08-a76f-4f76-990e-3be3989f66ce,Beauty,1352,3.0,b26e46cd-b505-4e61-95d4-3242b166ce5a
d2ad821a-a068-43d0-9659-1c5f0009d282,Kitchen,720,2.9,4d0b881d-8cc6-46ea-a1ae-d8fa7a30061f
4d047b6f-5ec7-454b-bce2-674da42580a1,Home,427,4.4,2e2bd71a-e2b3-4739-966b-674072a98b84
4e4d1f1e-92c7-47c5-adc1-137d037b8d50,Electronics,405,2.8,3e2fc5e3-18d2-49ea-b26e-012801752417
1d44d08d-742d-4501-a973-39b6cca93bf9,Beauty,491,4.2,cc3a82ae-ba12-4c17-8faf-8fc7e29601d7
a136596c-f30a-4275-a8b6-62bf95b24e4b,Beauty,580,3.4,17fb4bfd-1e95-47ca-987b-3853a10df6b1
8f51e4cf-d931-4323-8181-a01431e27024,Kitchen,185,2.7,f0caa86e-8ead-4eaf-a3f8-0adf11bd0f3a
7df52acf-7e42-48f9-953d-fce030012c16,Apparel,1970,3.6,9085e043-af05-42d8-adbe-5f331250ee06
cfded908-8a3e-4494-b180-f4da6a912970,Home,878,4.0,127ea0e2-9519-4c09-bad1-16ca74e7af1f
fdfbfe46-2983-4366-ba64-f5f42d1de6d7,Electronics,1763,2.4,6c04b5d3-0152-4eeb-b004-cca9d13a41cf
83fca43d-8ab2-496b-ba54-66e3541412cb,Apparel,1337,4.3,f6ac1c91-0ae8-4b65-a299-86266929df00
bb116b3c-4253-4d18-a7c1-0663d6d33c25,Electronics,937,2.0,fd0c6a7a-0984-483e-a2ad-a52d669f693a
89f7e672-f4d2-42ff-a1a9-70b1dcadc233,Apparel,640,3.4,9c2c2195-f35f-49b1-8c18-4cad67e92e52
447d3a80-b0e3-4976-900a-15b279104e74,Apparel,1888,3.5,f470de6f-7aaf-4093-bb7f-e27da13a7329
371bc439-bacf-44c3-96c7-03604d2791c9,Apparel,1801,2.3,1311d01c-933c-4cea-9a76-d462f7a1fe8f
7bf09472-31cd-4ad3-aec0-f65addc842e8,Electronics,356,4.2,eba04da5-07d5-43c4-8eca-f6c85dbc4b0c
7d5b5c70-cb71-42d0-87c1-81754d003e38,Beauty,1447,4.0,776e7974-99fd-413f-976b-0f41a1b35dc1
ed39a129-ddf8-4ab8-bcc8-5c5c32b2e7cc,Kitchen,1587,3.5,d0e6079c-5e1f-4f3d-845a-fbdcc9a4c12c
89108c33-8509-42a2-a81e-78deddcb1207,Electronics,1470,4.3,9659208d-e073-4d60-9b78-6efba687db97
083b9dc7-b1c3-45f2-81a4-2df3cb560d61,Apparel,192,2.7,b8edd250-a8fa-430c-8789-2b7238942031
72b65fe6-f804-4728-b7bf-a3cb58033e73,Kitchen,290,2.6,a366b492-20ff-4006-95b3-8a3b6d3fe828
8b1d32eb-4fda-498f-8eb8-e2302040b2b1,Electronics,312,2.3,927f7072-5f59-4c32-bfaf-f44da1cdbf87
c833f721-1e5f-40bd-981d-c34a5e6a33dd,Electronics,1397,2.3,70aa389c-25ed-456c-83c8-65f1eaba6d49
35a41577-ace1-4bc2-8ecf-91a4ae034295,Kitchen,1987,2.3,324c5727-35b6-497c-82a4-99eba7504e2b
6d99fb19-fd73-489e-b86b-248c19c0c956,Home,420,2.9,9517dee3-f494-4ed3-a1b9-bb0511440c77
12b31c88-19d1-4bbf-b8ff-68adab8fde3c,Beauty,1889,3.8,b4da0390-829f-47d8-ac90-e88df6ab0048
fee6c85b-ea5a-44a8-b587-d1ed4a55311b,Kitchen,738,3.4,99334a45-fc64-4dae-a4ce-1146e7ff1a3b
f810b817-5895-4f2c-99fc-ea3cab0c0bfe,Kitchen,948,2.0,d7fb96a3-94ff-43a6-b6c6-f53761e2c381
a553e1fe-16d6-44f4-8bbb-fcd068f8e0e9,Kitchen,1722,2.1,2955e741-1823-43c8-8ba1-b86fc1b866a4
1b0cb87c-5f99-41b2-988e-81f4614eaec5,Beauty,1028,2.3,3aeda1ab-5def-4be8-954d-0a7fbbcd7e92
421737f0-e1d1-40bc-8cfa-0654d0e62bf8,Electronics,1039,3.6,a366b492-20ff-4006-95b3-8a3b6d3fe828
0f14c1ce-285b-4996-95de-d47284a69011,Apparel,505,2.3,31dbb169-935f-4b14-97b0-9e96fedb5e5c
89e3198e-feb3-4993-967e-a4bc21492a73,Kitchen,1662,4.7,d516d8ee-baae-4131-9c49-d696d0548592
dc6e03e5-c544-43c0-99c5-3dd3c91b87d4,Kitchen,1070,2.4,79c1c724-8b4f-4b9a-834e-8f729e4ce64a
b2557a24-14a3-43b0-9455-0ca349a7004c,Home,1037,3.0,6bcd3e84-de46-433f-9010-2c96f77074e0
a2df3783-a301-4598-b42b-5e0845e0fbe6,Electronics,650,4.4,cf5b5859-c099-43db-8907-dc24dc537a9b
32e8a421-120e-4241-8055-223683c49a14,Kitchen,155,2.7,927f7072-5f59-4c32-bfaf-f44da1cdbf87
e0e8627a-fe8b-4132-a9c6-3077a85110da,Beauty,643,2.8,cfc87f0c-6b00-4979-b567-e939c67f19e1
9f2bd1c5-65c3-43ce-b133-27a302dfbbfa,Electronics,1356,4.8,693531b0-2929-4804-be1c-6b0e8cc62e00
2711b073-7573-4a82-891f-cc7ed390dbca,Beauty,107,3.8,6a32458f-d1a8-48b7-a443-718f01a03c00
5bace8da-8942-409e-bb27-39f7ae43fc5b,Home,1346,2.3,6a32458f-d1a8-48b7-a443-718f01a03c00
788d4515-c85b-4644-9d06-1d61e18177fb,Beauty,1631,4.9,f0e052ac-3d25-4ad3-8c47-8e659f5be1c7
db6e42b0-7aa9-4327-8796-c21d89b0ca02,Kitchen,282,2.6,50dc5b76-5856-4fd8-bf6a-9166ace41e86
94b95267-8b04-4fe2-b669-90a5c834dece,Beauty,715,2.2,f470de6f-7aaf-4093-bb7f-e27da13a7329
5c4343e9-b633-417b-b294-69783bb94f63,Beauty,134,2.7,72e6855f-858f-429e-9f7d-82eee0f82685
4012fe81-1bae-4ed2-8eda-79dd2d89b4d2,Beauty,818,2.7,8fcd50a7-3b98-4775-8ca6-b5eedd9d6dd1
c4099e8c-a50e-4baf-8929-e93c775af625,Electronics,193,3.0,d2c72fd1-0a59-4cd4-b9a5-f57fd348385a
85382fed-0160-43c7-9333-8567ef1beeb6,Beauty,594,2.3,327fedea-4762-4294-a718-ffefae4f06df
ab6d7f0c-b7c4-400b-8f3b-2d0bc80f497b,Apparel,266,2.1,9b8da1cf-202f-4e6d-905b-5cf4feb876a9
adb2fb30-e3c2-41ad-b8a9-766841ddaf45,Electronics,931,3.9,8f25d143-c780-4fc5-86ef-be7e08ae6bd2
cfde23cd-7933-442d-ab77-7017a11257ba,Beauty,1711,2.3,0e670699-253a-4810-8fc2-9978c92ae884
e39c4fbf-8923-412d-abc7-8b32ce57de69,Home,911,2.1,2d400a97-6d72-4168-a54f-f1b5d32c91dd
cbbc2b14-8f10-472b-9699-ae368b8504a9,Kitchen,143,2.2,76be1cda-0e57-404c-98be-a98d5ec01bdb
5ec049d3-6dd7-4040-a6fe-aa8e14fff8e9,Kitchen,1167,3.2,315bac7a-ae08-4cc6-b6e9-f09e6953f364
0bc0b47c-279d-4264-b620-271e0d63a303,Kitchen,1895,3.7,fc2b8c3d-5e17-4b45-a60c-a8c86f51945c
dfed9331-0d00-4a7d-a7c1-a0cf3d045403,Electronics,1771,3.6,d516d8ee-baae-4131-9c49-d696d0548592
db00f978-fab0-4a21-ab33-b47b3351c7bf,Electronics,616,3.6,dd11aa77-ea9e-4629-85ee-0e5413a3eca1
cd60c865-2c4d-441c-a5a0-4ea8d6bc95eb,Apparel,1939,3.9,f44b1913-eada-415b-ad51-4c35f812bb5f
f1c39c7a-68c4-4dc5-9ce6-681f62af5761,Apparel,151,5.0,67fddd82-34a3-4422-a537-1f40c4003c08
a7f6ab02-dead-45d3-bc0c-b583b418b3cb,Beauty,1734,3.4,446cdd6b-a67c-46f0-9cbc-28db7a6ef766
0752552a-a911-4cd7-add2-72ebce2e73ef,Apparel,1010,3.5,54c45cdd-c636-4f8a-bce3-6ef16b13adcb
223ff8d7-54d3-4f22-b947-6feca652add7,Home,1439,3.4,870e8911-aee9-452d-bcf8-5479747379c8
5d2caa55-4c0f-4c73-9130-3a1eb41ce830,Kitchen,1319,2.6,d9972bee-a1ac-4ef2-a43f-137cc9954d92
44a27000-4c2e-407a-abd6-417adc5145b2,Apparel,1009,3.6,065bbb89-48dd-4a37-b8b1-6e880fa2a75b
894b7c04-5078-4711-89a9-4b6f36deaca3,Apparel,1005,2.3,324c5727-35b6-497c-82a4-99eba7504e2b
f37ba100-e588-48d8-a7a7-235e04a82e1c,Beauty,1804,2.2,0d36fa9b-0ac6-4c62-8db3-3248fe9a0369
1d0d9a69-fd2b-4a84-82d4-797bfbe95f8d,Kitchen,1361,2.1,a9bc9106-ad3c-4c1e-bec5-dd246b4ba843
0f76b9d3-8ccf-49ac-a3ec-b465425701be,Apparel,648,2.9,c87c3e4d-5b87-40f5-9743-dcd09954c42f
1e8c61cc-ce83-4f4d-a228-b8bd3b29339b,Kitchen,784,4.5,c51ebbfe-c304-4a30-a7a6-3a39fc7f684c
dfb34ebd-c2a7-4d21-9753-b049f1e49ee3,Beauty,672,2.7,ac418ac9-f9b0-4d39-9f8c-a99e8b16ed3a
0c96301f-f283-4622-b203-b7a28f40a52e,Electronics,720,4.0,322c9b24-eefa-488a-84d6-946fdcfbfce5
0d480c0b-2a24-4d59-8e2a-2f5d52bedc90,Beauty,1536,4.8,aead0e05-7b71-490c-b079-ceb3a366d967
ce9b314d-f946-4ae1-9965-0661ca151ee1,Home,568,3.7,f4f83272-8ef2-41fa-b928-0e0349de371c
4e3bdea6-859e-4918-bbe1-9c3e1fccf9e2,Beauty,1689,4.0,12cc3653-3dae-4903-9d23-8ab4ad3df15a
a499b476-c2aa-4fb2-924d-faace6181e5c,Home,1588,2.7,ee33ba41-75ef-4c82-a54e-535f8cf87e82
c1e4a6b9-0652-466a-942c-c7fa884219df,Apparel,1894,4.8,5a5fe94e-00de-42b9-bcb2-b5c1bbf531d9
b79ade42-5ba1-4e94-b4d5-9ce814de01cb,Kitchen,1364,4.1,1d6b4bf2-f28d-4c7d-9b5e-cb84ad0c3d8f
192f64b2-26fc-41d4-994c-a88e7c71e086,Electronics,468,3.2,502d9e01-244d-4f90-9464-9d5149959ec2
f1d8545e-c213-4a9b-b03a-3f93bb538ef3,Kitchen,539,4.2,36793a90-b26f-403d-b987-069c0b5beea2
8dc7b270-9cac-4579-8d72-9dcc8c416b8a,Apparel,1614,3.8,c7767817-a439-4d3a-bde2-f085fc6aa216
0f2df4ae-cea0-421f-bf91-c7e5d5853c96,Beauty,582,2.3,cf5b5859-c099-43db-8907-dc24dc537a9b
